Name,IATA,ICAO,Callsign,Country,Active
1Time Airline,1T,RNX,NEXTIME,South Africa,Y
40-Mile Air,Q5,MLA,MILE-AIR,United States,Y
Ansett Australia,AN,AAA,ANSETT,Australia,Y
Abelag Aviation,W9,AAB,ABG,Belgium,N
Aigle Azur,ZI,AAF,AIGLE AZUR,France,Y
Aloha Airlines,AQ,AAH,ALOHA,United States,Y
American Airlines,AA,AAL,AMERICAN,United States,Y
Asiana Airlines,OZ,AAR,ASIANA,Republic of Korea,Y
Askari Aviation,4K,AAS,AL-AAS,Pakistan,Y
Afriqiyah Airways,8U,AAW,AFRIQIYAH,Libya,Y
Afrinat International Airlines,Q9,AFU,,Gambia,N
Allegiant Air,G4,AAY,ALLEGIANT,United States,Y
Aban Air,K5,ABE,ABAN,Iran,n
ABSA - Aerolinhas Brasileiras,M3,TUS,ABSA Cargo,Brazil,Y
Antrak Air,4,ABV,ANTRAK,Ghana,N
Airborne Express,GB,ABX,ABEX,United States,N
ABX Air,GB,ABX,ABEX,United States,N
Astral Aviation,8V,ACP,ASTRAL CARGO,Kenya,Y
Aero Asia International,E4,RSO,AERO ASIA,Pakistan,N
Air Togo,YT,TGA,AIR TOGO,Togo,N
Ada Air,ZY,ADE,ADA AIR,Albania,Y
ADC Airlines,Z7,ADK,ADCO,Nigeria,N
Adria Airways,JP,ADR,ADRIA,Slovenia,Y
Air Europa,UX,AEA,EUROPA,Spain,Y
Aero Benin,EM,AEB,AEROBEN,Benin,Y
Aegean Airlines,A3,AEE,AEGEAN,Greece,Y
Air Atlantique,KI,AAG,ATLANTIC,United Kingdom,N
Air Europe,PE,AEL,AIR EUROPE,Italy,Y
Alaska Central Express,KO,AER,ACE AIR,United States,Y
Astraeus,5W,AEU,FLYSTAR,United Kingdom,Y
Aerosvit Airlines,VV,AEW,AEROSVIT,Ukraine,Y
Air Italy,I9,AEY,AIR ITALY,Italy,Y
American Falcon,WK,AFB,AMERICAN FALCON,Argentina,N
Alliance Airlines,QQ,UTY,UNITY,Australia,Y
Ariana Afghan Airlines,FG,AFG,ARIANA,Afghanistan,Y
Aeroflot Russian Airlines,SU,AFL,AEROFLOT,Russia,Y
Air Bosna,JA,BON,AIR BOSNA,Bosnia and Herzegovina,Y
Air France,AF,AFR,AIRFRANS,France,Y
Air Caledonie International,SB,ACI,AIRCALIN,France,Y
Air Gabon,GN,AGN,GOLF NOVEMBER,Gabon,N
Air Cargo Carriers,2Q,SNC,NIGHT CARGO,United States,Y
Air Senegal International,V7,SNG,AIR SENEGAL,Senegal,N
Air Namibia,SW,NMB,NAMIBIA,Namibia,Y
Air Service Gabon,G8,AGB,,Gabon,N
Aerolitoral,5D,SLI,COSTERA,Mexico,Y
Amadeus Global Travel Distribution,1A,AGT,AMADEUS,Spain,N
Air Glaciers,7T,AGV,AIR GLACIERS,Switzerland,Y
Aeroper,PL,PLI,Aeroperu,Peru,Y
Atlas Blue,8A,BMM,ATLAS BLUE,Morocco,Y
Air Alpha Greenland,GD,AHA,AIR ALPHA,Denmark,N
Air Hong Kong,LD,AHK,AIR HONG KONG,Hong Kong,N
Aeromist-Kharkiv,HT,AHW,AEROMIST,Ukraine,N
Azerbaijan Airlines,J2,AHY,AZAL,Azerbaijan,Y
Avies,U3,AIA,AVIES,Estonia,Y
Airbus Industrie,AP,AIB,AIRBUS INDUSTRIE,France,N
Alpine Air Express,5A,AIP,ALPINE AIR,United States,N
Airblue,ED,ABQ,PAKBLUE,Pakistan,Y
Air Berlin,AB,BER,AIR BERLIN,Germany,Y
Air Contractors,AG,ABR,CONTRACT,Ireland,N
Air India Limited,AI,AIC,AIRINDIA,India,Y
Air Bourbon,ZB,BUB,BOURBON,Reunion,Y
Air Atlanta Icelandic,CC,ABD,ATLANTA,Iceland,Y
Air Srpska,RB,SBK,Air Srpska,Bosnia and Herzegovina,N
Air Tahiti Nui,TN,THT,TAHITI AIRLINES,France,Y
Aero Services Executive,W4,BES,BIRD EXPRESS,France,N
Arkia Israel Airlines,IZ,AIZ,ARKIA,Israel,Y
Air Jamaica,JM,AJM,JAMAICA,Jamaica,Y
Air One,AP,ADH,HERON,Italy,Y
Air Sahara,S2,RSH,SAHARA,India,Y
Air Malta,KM,AMC,AIR MALTA,Malta,Y
Amerijet International,M6,AJT,AMERIJET,United States,N
Air Japan,NQ,AJX,AIR JAPAN,Japan,Y
Air Kiribati,4A,AKL,,Kiribati,Y
Air Nippon Network Co. Ltd.,EH,AKX,ALFA WING,Japan,N
America West Airlines,HP,AWE,CACTUS,United States,Y
Air Wisconsin,ZW,AWI,AIR WISCONSIN,United States,Y
Tatarstan Airlines,U9,TAK,TATARSTAN,Russia,Y
Air Lithuania,TT,KLA,KAUNAS,Lithuania,N
Air Malawi,QM,AML,MALAWI,Malawi,Y
Air Macau,NX,AMU,AIR MACAO,Macao,Y
Air Midwest,ZV,AMW,AIR MIDWEST,United States,N
Air Seychelles,HM,SEY,SEYCHELLES,Seychelles,Y
AeroMéxico,AM,AMX,AEROMEXICO,Mexico,Y
All Nippon Airways,NH,ANA,ALL NIPPON,Japan,Y
Air Nostrum,YW,ANE,AIR NOSTRUM,Spain,Y
Air Niugini,PX,ANG,NUIGINI,Papua New Guinea,Y
Air Arabia,G9,ABY,ARABIA,United Arab Emirates,Y
Air Canada,AC,ACA,AIR CANADA,Canada,Y
Air Baltic,BT,BTI,AIRBALTIC,Latvia,Y
Air Nippon,EL,ANK,ANK AIR,Japan,Y
Airnorth,TL,ANO,TOPEND,Australia,Y
Air North Charter - Canada,4N,ANT,AIR NORTH,Canada,Y
AOM French Airlines,IW,AOM,French Lines,France,N
Air New Zealand,NZ,ANZ,NEW ZEALAND,New Zealand,Y
AVCOM,J6,AOC,AERO AVCOM,Russia,N
Aero VIP,2D,AOG,AVIP,Argentina,N
Air Vegas,6V,VGA,AIR VEGAS,United States,N
Alitalia Express,XM,SMX,ALIEXPRESS,Italy,Y
Asia Overnight Express,OE,AOT,ASIA OVERNIGHT,Philippines,N
Aero Flight,GV,ARF,Aero Fox,Germany,Y
Arrow Air,JW,APW,BIG A,United States,Y
Arik Air,W3,ARA,ARIK AIR,Nigeria,N
Aerocondor,2B,ARD,AEROCONDOR,Portugal,Y
Aires,4C,ARE, Aerovias de Integracion Regional, S.A.,Y
Aerolineas Argentinas,AR,ARG,ARGENTINA,Argentina,Y
Air Armenia,QN,ARR,AIR ARMENIA,Armenia,N
Alaska Airlines,AS,ASA, Inc.,ALASKA,Y
Air Sinai,4D,ASD,AIR SINAI,Egypt,Y
Airstars,PL,ASE,MOROZOV,Russia,N
Atlantic Southeast Airlines,EV,ASQ,ACEY,United States,Y
Astrakhan Airlines,OB,ASZ,AIR ASTRAKHAN,Russia,Y
Air Tanzania,TC,ATC,TANZANIA,Tanzania,Y
Air Burkina,2J,VBW,BURKINA,Burkina Faso,Y
Aero-Tropics Air Services,HC,ATI,,Australia,N
Airlines Of Tasmania,FO,ATM,AIRTAS,Australia,Y
Air Saint Pierre,PJ,SPM,,France,Y
Air Transport International,8C,ATN,AIR TRANSPORT,United States,N
Austrian Airlines,OS,AUA,AUSTRIAN,Austria,Y
Augsburg Airways,IQ,AUB,AUGSBURG-AIR,Germany,Y
AirBridge Cargo,RU,ABW,AIRBRIDGE CARGO,Russia,N
Abu Dhabi Amiri Flight,MO,AUH,SULTAN,United Arab Emirates,Y
Aeroflot-Nord,5N,AUL,DVINA,Russia,Y
Aurigny Air Services,GR,AUR,AYLINE,United Kingdom,Y
Aus-Air,NO,AUS,,Australia,N
Austral Lineas Aereas,AU,AUT,AUSTRAL,Argentina,Y
Australian Airlines,AO,AUZ,AUSTRALIAN,Australia,N
Avianca - Aerovias Nacionales de Colombia,AV,AVA, S.A.,AVIANCA,Y
Air Vanuatu,NF,AVN,AIR VAN,Vanuatu,Y
Airlink Zambia,K8,ZAK,,Zambia,N
Air Bangladesh,B9,BGD,AIR BANGLA,Bangladesh,Y
Air Mediterranee,DR,BIE,MEDITERRANEE,France,Y
Aeroline GmbH,7E,AWU,SYLT-AIR,Germany,Y
Air Wales,6G,AWW,RED DRAGON,United Kingdom,Y
Air Caraïbes,TX,FWI,FRENCH WEST,France,Y
Air India Express,IX,AXB,EXPRESS INDIA,India,Y
Asian Express Airlines,HJ,AXF,FREIGHTEXPRESS,Australia,N
Air Exel,XT,AXL,EXEL COMMUTER,Netherlands,Y
AirAsia,AK,AXM,ASIAN EXPRESS,Malaysia,Y
Axis Airways,6V,AXY,AXIS,France,N
Atlant-Soyuz Airlines,3G,AYZ,ATLANT-SOYUZ,Russia,Y
Alitalia,AZ,AZA,ALITALIA,Italy,Y
Arcus-Air Logistic,ZE,AZE,ARCUS AIR,Germany,N
Amaszonas,Z8,AZN,,Bolivia,Y
Air Zimbabwe,UM,AZW,AIR ZIMBABWE,Zimbabwe,Y
Aserca Airlines,R7,OCA,AROSCA,Venezuela,Y
Rossiya-Russian Airlines,FV,SDM,PULKOVO,Russia,Y
Aviaexpress,RX,AEH,Avex,Hungary,N
American Eagle Airlines,MQ,EGF,EAGLE FLIGHT,United States,Y
Air Ivoire,VU,VUN,AIRIVOIRE,Ivory Coast,Y
Air Botswana,BP,BOT,BOTSWANA,Botswana,Y
Air Foyle,GS,UPA,FOYLE,United Kingdom,Y
Air Tahiti,VT,VTA,AIR TAHITI,French Polynesia,Y
Air Urga,3N,URG,URGA,Ukraine,N
Air VIA,VL,VIM,,Bulgaria,Y
Africa West,FK,WTA,WEST TOGO,Togo,Y
Avirex,G2,VXG,AVIREX-GABON,Gabon,N
ATRAN Cargo Airlines,V8,VAS,ATRAN,Russian Federation,Y
Avensa,VE,AVE,Avensa,Venezuela,N
Avolar Aerolineas,V5,VLI,AEROVOLAR,Mexico,N
Air China,CA,CCA,AIR CHINA,China,Y
Aero Condor Peru,Q6,CDP,CONDOR-PERU,Peru,Y
Arctic Circle Air Service,5F,CIR,AIR ARCTIC,United States,N
Air Corridor,QC,CRD,AIR CORRIDOR,Mozambique,N
Air Central,NV,CRF,AIR CENTRAL,Japan,N
Air Chathams,CV,CVA,CHATHAM,New Zealand,Y
Air Marshall Islands,CW,CWM,AIR MARSHALLS,Marshall Islands,Y
Access Air,ZA,CYD,CYCLONE,United States,Y
Air Algerie,AH,DAH,AIR ALGERIE,Algeria,Y
Adam Air,KI,DHI,ADAM SKY,Indonesia,Y
Astar Air Cargo,ER,DHL,DAHL,United States,N
Antinea Airlines,HO,DJA,ANTINEA,Algeria,N
Air Dolomiti,EN,DLA,DOLOMOTI,Italy,Y
Aeroflot-Don,D9,DNV,DONAVIA,Russia,Y
Air Madrid,NM,DRD,ALADA AIR,Spain,Y
Aero Airlines,EE,EAY,REVAL,Estonia,N
Air City,4F,ECE,AIRCITY,Germany,N
Aer Lingus,EI,EIN,SHAMROCK,Ireland,Y
Alpi Eagles,E8,ELG,ALPI EAGLES,Italy,N
Air S,KY,EQL,EQUATORIAL,Air S,N
Air Fiji,PC,FAJ,FIJIAIR,Fiji,N
Air Finland,OF,FIF,AIR FINLAND,Finland,Y
Air Pacific,FJ,FJI,PACIFIC,Fiji,Y
Atlantic Airways,RC,FLI,FAROELINE,Faroe Islands,Y
Air Florida,QH,FLZ,AIR FLORIDA,United States,Y
Air Iceland,NY,FXI,FAXI,Iceland,Y
Air Philippines,2P,GAP,ORIENT PACIFIC,Philippines,Y
Air Georgian,ZX,GGN,GEORGIAN,Canada,N
Air Guinee Express,2U,GIP,FUTURE EXPRESS,Guinea,Y
Amber Air,0A,GNT,GINTA,Lithuania,N
Air Georgia,DA,GRG,AIR GEORGIA,Georgia,N
Air Greenland,GL,GRL,GREENLAND,Denmark,Y
Allegro,LL,GRO,ALLEGRO,Mexico,N
Atlas Air,5Y,GTI,GIANT,United States,Y
Air Guyane,GG,GUY,GREEN BIRD,French Guiana,Y
Air D'Ayiti,H9,HAD,HAITI AVIA,Haiti,N
Air Comores International,GG,HAH,AIR COMORES,Comoros,N
Air Horizon,8C,HZT,HORIZON TOGO,Togo,N
Air Bagan,W9,JAB,AIR BAGAN,Myanmar,Y
Atyrau Air Ways,IP,JOL,EDIL,Kazakhstan,N
Air Canada Jazz,QK,JZA,JAZZ,Canada,Y
Atlasjet,KK,KKK,ATLASJET,Turkey,Y
Air Koryo,JS,KOR,AIR KORYO,Democratic People's Republic of Korea,Y
Air Astana,KC,KZR,ASTANALINE,Kazakhstan,Y
Albanian Airlines,LV,LBC,ALBANIAN,Albania,Y
Alidaunia,D4,LID,ALIDA,Italy,N
Alliance Air,CD,LLR,ALLIED,India,N
Aerolane,XL,LNE,LAN ECUADOR,Ecuador,Y
Air Alps Aviation,A6,LPV,ALPAV,Austria,N
Atlantis European Airways,TD,LUR,,Armenia,Y
Air Luxor GB,L8,LXG,LUXOR GOLF,Guinea-Bissau,N
Air Luxor,LK,LXR,AIRLUXOR,Portugal,Y
Air Mauritius,MK,MAU,AIRMAURITIUS,Mauritius,Y
Air Madagascar,MD,MDG,AIR MADAGASCAR,Madagascar,Y
Air Moldova,9U,MLD,AIR MOLDOVA,Moldova,Y
Aero Mongolia,M0,MNG,AERO MONGOLIA,Mongolia,N
Air Plus Comet,A7,MPD,RED COMET,Spain,Y
Aeromexpress,QO,MPX,AEROMEXPRESS,Mexico,N
Air Mauritanie,MR,MRT,MIKE ROMEO,Mauritania,N
Albarka Air,F4,NBK,AL-AIR,Nigeria,N
Aero Contractors,AJ,NIG,AEROLINE,Nigeria,Y
Air Burundi,8Y,PBU,AIR-BURUNDI,Burundi,N
Aeropelican Air Services,OT,PEL,PELICAN,Australia,Y
Air Paradise International,AD,PRZ,RADISAIR,Indonesia,N
Air Class Lineas Aereas,QD,QCL,ACLA,Uruguay,N
African Safari Airways,QS,QSC,ZEBRA,Kenya,N
Airbus France,4Y,RBU,AIRBUS FRANCE,France,N
Air Mobility Command,MC,RCH,REACH,United States,N
Aer Arann,RE,REA,AER ARANN,Ireland,Y
Air Austral,UU,REU,REUNION,France,Y
Asian Spirit,6K,RIT,ASIAN SPIRIT,Philippines,Y
Air Afrique,RK,RKA,AIRAFRIC,Ivory Coast,Y
Airlinair,A5,RLA,AIRLINAIR,France,Y
Aero Lanka,QL,RLN,AERO LANKA,Sri Lanka,Y
Armenian International Airways,MV,RML,,Armenia,N
Air Salone,20,RNE,AIR SALONE,Sierra Leone,Y
Armavia,U8,RNV,ARMAVIA,Armenia,Y
Aeromar,BQ,ROM,BRAVO QUEBEC,Dominican Republic,N
AeroRep,P5,RPB,AEROREPUBLICA,Colombia,Y
Aero-Service,BF,RSR,CONGOSERV,Republic of the Congo,Y
Aerosur,5L,RSU,AEROSUR,Bolivia,Y
Air Santo Domingo,EX,SDO,AERO DOMINGO,Dominican Republic,N
Aero California,JR,SER,AEROCALIFORNIA,Mexico,N
Avient Aviation,Z3,SMJ,AVAVIA,Zimbabwe,Y
Air Service,M3,SPJ,AIR SKOPJE,Macedonia,N
Air Slovakia,GM,SVK,SLOVAKIA,Slovakia,N
Aircompany Yakutia,R3,SYL,AIR YAKUTIA,Russia,Y
Aeromar,VW,TAO,TRANS-AEROMAR,Mexico,Y
Air Turks and Caicos,JY,TCI,KERRMONT,Turks and Caicos Islands,N
Arkefly,OR,TFL,ARKEFLY,Netherlands,Y
Airlines PNG,CG,TOK,BALUS,Papua New Guinea,Y
Air Cal,TY,TPC,AIRCAL,France,N
AirTran Airways,FL,TRS,CITRUS,United States,Y
Air Transat,TS,TSC,TRANSAT,Canada,Y
Avialeasing Aviation Company,EC,TWN,TWINARROW,Uzbekistan,Y
Tyrolean Airways,VO,TYR,TYROLEAN,Austria,Y
Aero-Charter Ukraine,DW,UCR,CHARTER UKRAINE,Ukraine,N
Air Ukraine,6U,UKR,AIR UKRAINE,Ukraine,N
Aerolineas Galapagos (Aerogal),2K,GLG,AEROGAL,Ecuador,Y
Alrosa Mirny Air Enterprise,6R,DRU,MIRNY,Russia,Y
Baker Aviation,8Q,BAJ,BAKER AVIATION,United States,N
British Airways,BA,BAW,SPEEDBIRD,United Kingdom,Y
Biman Bangladesh Airlines,BG,BBC,BANGLADESH,Bangladesh,Y
Bluebird Cargo,BF,BBD,BLUE CARGO,Iceland,N
BACH Flugbetriebsges,B4,BCF,BACH,Austria,N
Blue Dart Aviation,BZ,BDA,BLUE DART,India,N
B&H Airlines,JA,BON,Air Bosna,Bosnia and Herzegovina,N
Buffalo Airways,J4,BFL,BUFFALO,Canada,N
Benin Golf Air,A8,BGL,BENIN GOLF,Benin,N
Belair Airlines,4T,BHP,BELAIR,Switzerland,Y
Bahamasair,UP,BHS,BAHAMAS,Bahamas,Y
British International Helicopters,BS,BIH,BRINTEL,United Kingdom,Y
Bankair,B4,BKA,BANKAIR,United States,N
Bangkok Airways,PG,BKP,BANGKOK AIR,Thailand,Y
Blue1,KF,BLF,BLUEFIN,Finland,Y
Bearskin Lake Air Service,JV,BLS,BEARSKIN,Canada,Y
Bellview Airlines,B3,BLV,BELLVIEW AIRLINES,Nigeria,Y
bmi,BD,BMA,MIDLAND,United Kingdom,Y
bmibaby,WW,BMI,BABY,United Kingdom,Y
Bemidji Airlines,CH,BMJ,BEMIDJI,United States,Y
Bismillah Airlines,5Z,BML,BISMILLAH,Bangladesh,N
Bouraq Indonesia Airlines,BO,BOU,BOURAQ,Indonesia,N
Blue Panorama Airlines,BV,BPA,BLUE PANOROMA,Italy,Y
BRA-Transportes Aereos,7R,BRB,BRA-TRANSPAEREOS,Brazil,N
Bering Air,8E,BRG,BERING AIR,United States,Y
Belavia Belarusian Airlines,B2,BRU,BELARUS AVIA,Belarus,Y
Bravo Air Congo,K6,BRV,BRAVO,Democratic Republic of the Congo,N
Braniff International Airways,BN,BNF,Braniff,United States,N
Big Sky Airlines,GQ,BSY,BIG SKY,United States,N
BAL Bashkirian Airlines,V9,BTC,BASHKIRIAN,Russia,N
Metro Batavia,7P,BTV,BATAVIA,Indonesia,Y
Berjaya Air,J8,BVT,BERJAYA,Malaysia,Y
Blue Wings,QW,BWG,BLUE WINGS,Germany,Y
Bayu Indonesia Air,BM,BYE,BAYU,Indonesia,N
Brit Air,DB,BZH,BRITAIR,France,Y
Boston-Maine Airways,E9,CXS,CLIPPER CONNECTION,United States,N
Brussels Airlines,SN,DAT,BEE-LINE,Belgium,Y
Binter Canarias,NT,IBB,,Spain,Y
Blue Air,0B,JOR,BLUE TRANSPORT,Romania,Y
British Mediterranean Airways,KJ,LAJ,BEE MED,United Kingdom,Y
Bulgaria Air,FB,LZB,FLYING BULGARIA,Bulgaria,Y
Barents AirLink,8N,NKF,NORDFLIGHT,Sweden,Y
CAL Cargo Air Lines,5C,ICL,CAL,Israel,Y
CHC Airways,AW,SCH,,Netherlands,N
Calima Aviacion,XG,CLI,CALIMA,Spain,Y
Calm Air,MO,CAV,CALM AIR,Canada,N
Camai Air,R9,CAM,AIR CAMAI,United States,N
Cameroon Airlines,UY,UYC,CAM-AIR,Cameroon,N
CanJet,C6,CJA,CANJET,Canada,N
Canadian Airlines,CP,CDN,CANADIAN,Canada,Y
Canadian North,5T,MPE,EMPRESS,Canada,Y
Canadian Western Airlines,W2,CWA,CANADIAN WESTERN,Canada,N
Cape Air,9K,KAP,CAIR,United States,Y
Capital Cargo International Airlines,PT,CCI,CAPPY,United States,N
Cargo 360,GG,GGC,LONG-HAUL,United States,N
Cargoitalia,2G,CRG,WHITE PELICAN,Italy,N
Cargojet Airways,W8,CJT,CARGOJET,Canada,N
Cargolux,CV,CLX,CARGOLUX,Luxembourg,N
Caribbean Airlines,BW,BWA,CARIBBEAN AIRLINES,Trinidad and Tobago,Y
Caribbean Star Airlines,8B,GFI,CARIB STAR,Antigua and Barbuda,N
Carpatair,V3,KRP,CARPATAIR,Romania,Y
Caspian Airlines,RV,CPN,CASPIAN,Iran,Y
Cathay Pacific,CX,CPA,CATHAY,Hong Kong SAR of China,Y
Cayman Airways,KX,CAY,CAYMAN,Cayman Islands,Y
Cebu Pacific,5J,CEB,CEBU AIR,Philippines,Y
Centavia,7N,CNA,,Serbia,N
Centralwings,C0,CLW,CENTRALWINGS,Poland,Y
Centre-Avia,J7,CVC,AVIACENTRE,Russia,N
Centurion Air Cargo,WE,CWC,CHALLENGE CARGO,United States,N
Chalk's Ocean Airways,OP,CHK,CHALKS,United States,N
Champion Air,MG,CCP,CHAMPION AIR,United States,N
Changan Airlines,2Z,CGN,CHANGAN,China,N
Chari Aviation Services,S8,CSU,CHARI SERVICE,Chad,N
Chautauqua Airlines,RP,CHQ,CHAUTAUQUA,United States,Y
Chicago Express,C8,WDY,WINDY CITY,United States,N
China Airlines,CI,CAL,DYNASTY,Taiwan,Y
China Cargo Airlines,CK,CKK,CARGO KING,China,N
China Eastern Airlines,MU,CES,CHINA EASTERN,China,Y
China Northern Airlines,CJ,CBF,CHINA NORTHERN,China,N
China Northwest Airlines,WH,CNW,CHINA NORTHWEST,China,N
China Postal Airlines,8Y,CYZ,CHINA POST,China,N
China Southern Airlines,CZ,CSN,CHINA SOUTHERN,China,Y
China United Airlines,HR,CUA,LIANHANG,China,Y
China Xinhua Airlines,XO,CXH,XINHUA,China,N
Yunnan Airlines,3Q,CYH,YUNNAN,China,Y
Chitaavia,X7,CHF,CHITA,Russia,N
Cielos Airlines,A2,CIU,CIELOS,Peru,N
Cimber Air,QI,CIM,CIMBER,Denmark,Y
Cirrus Airlines,C9,RUS,CIRRUS AIR,Germany,Y
City Airline,CF,SDR,SWEDESTAR,Sweden,Y
City Connexion Airlines,G3,CIX,CONNEXION,Burundi,Y
CityJet,WX,BCY,CITY-IRELAND,Ireland,Y
BA CityFlyer,CJ,CFE,FLYER,United Kingdom,Y
Civil Air Transport,CT,CAT,Mandarin,Taiwan,N
Club Air,6P,ISG,CLUBAIR,Italy,N
Coast Air,BX,CST,COAST CENTER,Norway,N
Colgan Air,9L,CJC,COLGAN,United States,Y
Comair,OH,COM,COMAIR,United States,Y
Comair,MN,CAW,COMMERCIAL,South Africa,Y
CommutAir,C5,UCA,COMMUTAIR,United States,Y
Comores Airlines,KR,CWK,CONTICOM,Comoros,Y
Compania Mexicargo,GJ,MXC,MEXICARGO,Mexico,N
Compass Airlines,CP,CPZ,Compass Rose,United States,Y
Condor Flugdienst,DE,CFG,CONDOR,Germany,Y
Consorcio Aviaxsa,6A,CHP,AVIACSA,Mexico,Y
Contact Air,C3,KIS,CONTACTAIR,Germany,Y
Continental Airlines,CO,COA,CONTINENTAL,United States,Y
Continental Airways,PC,PVV,CONTAIR,Russia,N
Continental Micronesia,CS,CMI,AIR MIKE,United States,Y
Conviasa,V0,VCV,CONVIASA,Venezuela,Y
Copa Airlines,CM,CMP,COPA,Panama,Y
Corsairfly,SS,CRL,CORSAIR,France,Y
Corse-Mediterranee,XK,CCM,CORSICA,France,Y
Cosmic Air,F5,COZ,COSMIC AIR,Nepal,N
Croatia Airlines,OU,CTN,CROATIA,Croatia,Y
Crossair Europe,QE,ECC,Cigogne,Switzerland,N
Cubana de Aviación,CU,CUB,CUBANA,Cuba,Y
Cyprus Airways,CY,CYP,CYPRUS,Cyprus,Y
Czech Airlines,OK,CSA,CSA-LINES,Czech Republic,Y
DAS Air Cargo,WD,DSR,DAIRAIR,Uganda,N
DAT Danish Air Transport,DX,DTR,DANISH,Denmark,Y
DHL International,ES,DHX,DILMUN,Bahrain,N
DHL de Guatemala,L3,JOS,,Guatemala,N
Daallo Airlines,D3,DAO,DALO AIRLINES,Djibouti,Y
Dagestan Airlines,N2,DAG,DAGAL,Russia,N
Dalavia,H8,KHB,DALAVIA,Russia,Y
Darwin Airline,0D,DWT,DARWIN,Switzerland,Y
Dauair,D5,DAU,DAUAIR,Germany,N
Delta Air Lines,DL,DAL,DELTA,United States,Y
Deutsche Rettungsflugwacht,1I,AMB,CIVIL AIR AMBULANCE,Germany,N
Dinar,D7,RDN,AERO DINAR,Argentina,N
Dirgantara Air Service,AW,DIR,DIRGANTARA,Indonesia,N
Discovery Airways,DH,DVA,DISCOVERY AIRWAYS,United States,N
Djibouti Airlines,D8,DJB,DJIBOUTI AIR,Djibouti,Y
Dominicana de Aviaci,DO,DOA,DOMINICANA,Dominican Republic,Y
Domodedovo Airlines,E3,DMO,DOMODEDOVO,Russia,Y
DonbassAero,5D,UDC,DONBASS AERO,Ukraine,Y
Dragonair,KA,HDA, Hong Kong Dragon Airlines,DRAGON,Y
Druk Air,KB,DRK,ROYAL BHUTAN,Bhutan,Y
dba,DI,BAG,SPEEDWAY,Germany,Y
EUjet,VE,EUJ,UNION JET,Ireland,N
EVA Air,BR,EVA,EVA,Taiwan,Y
East African,QU,UGX,CRANE,Uganda,Y
East African Safari Air,S9,HSA,DUMA,Kenya,N
Eastern Airways,T3,EZE,EASTFLIGHT,United Kingdom,Y
Eastland Air,DK,ELA,,Australia,Y
Eastwind Airlines,W9,SGR,STINGER,United States,N
Edelweiss Air,WK,EDW,EDELWEISS,Switzerland,Y
Egyptair,MS,MSR,EGYPTAIR,Egypt,Y
El Al Israel Airlines,LY,ELY,ELAL,Israel,Y
El-Buraq Air Transport,UZ,BRQ,BURAQAIR,Libya,Y
Emirates,EK,UAE,EMIRATES,United Arab Emirates,Y
Empire Airlines,EM,CFS,EMPIRE AIR,United States,N
Empresa Ecuatoriana De Aviacion,EU,EEA,ECUATORIANA,Ecuador,Y
Enkor JSC,G8,ENK,ENKOR,Russia]],N
Eos Airlines,E0,ESS,NEW DAWN,United States,N
Eritrean Airlines,B8,ERT,ERITREAN,Eritrea,Y
Estafeta Carga Aerea,E7,ESF,,Mexico,N
Estonian Air,OV,ELL,ESTONIAN,Estonia,Y
Ethiopian Airlines,ET,ETH,ETHIOPIAN,Ethiopia,Y
Etihad Airways,EY,ETD,ETIHAD,United Arab Emirates,Y
Eurocypria Airlines,UI,ECA,EUROCYPRIA,Cyprus,Y
Eurofly Service,GJ,EEU,EUROFLY,Italy,Y
Eurolot,K2,ELO,EUROLOT,Poland,Y
Euromanx Airways,3W,EMX,EUROMANX,Austria,N
European Air Express,EA,EAL,STAR WING,Germany,Y
European Air Transport,QY,BCS,EUROTRANS,Belgium,N
European Aviation Air Charter,E7,EAF,EUROCHARTER,United Kingdom,N
Eurowings,EW,EWG,EUROWINGS,Germany,Y
Evergreen International Airlines,EZ,EIA,EVERGREEN,United States,Y
Excel Airways,JN,XLA,EXPO,United Kingdom,Y
Execair Aviation,MB,EXA,CANADIAN EXECAIRE,Canada,N
Executive Airlines,OW,EXK,EXECUTIVE EAGLE,United States,N
Expo Aviation,8D,EXV,EXPOAVIA,Sri Lanka,N
Express One International,EO,LHN,LONGHORN,United States,Y
ExpressJet,XE,BTA,JET LINK,United States,Y
easyJet,U2,EZY,EASY,United Kingdom,Y
Far Eastern Air Transport,EF,EFA,Far Eastern,Taiwan,Y
Faroejet,F6,RCK,ROCKROSE,Faroe Islands,N
Faso Airways,F3,FSW,FASO,Burkina Faso,N
Federal Express,FX,FDX,FEDEX,United States,N
Fika Salaama Airlines,N8,HGK,SALAAMA,Uganda,N
Finalair Congo,4S,FNC,FINALAIR CONGO,Republic of the Congo,N
Finnair,AY,FIN,FINNAIR,Finland,Y
Finncomm Airlines,FC,WBA,WESTBIRD,Finland,Y
Firefly,FY,FFM,FIREFLY,Malaysia,Y
First Air,7F,FAB,,Canada,Y
First Choice Airways,DP,FCA,JETSET,United Kingdom,Y
Fischer Air,8F,FFR,FISCHER,Czech Republic,N
Flightline,B5,FLT,FLIGHTLINE,United Kingdom,Y
Florida Coastal Airlines,PA,FCL,FLORIDA COASTAL,United States,N
Florida West International Airways,RF,FWL,FLO WEST,United States,Y
Fly Air,F2,FLM,FLY WORLD,Turkey,N
Fly Me Sweden,SH,FLY,FLYBIRD,Sweden,N
AirAsia X,D7,XAX,XANADU,Malaysia,Y
FlyLal,TE,LIL,LITHUANIA AIR,Lithuania,Y
FlyNordic,LF,NDC,NORDIC,Sweden,Y
Flybaboo,F7,BBO,BABOO,Switzerland,Y
Flybe,BE,BEE,JERSEY,United Kingdom,Y
Flyglobespan,B4,GSM,GLOBESPAN,United Kingdom,Y
Formosa Airlines,VY,FOS,,Taiwan,Y
Four Star Aviation / Four Star Cargo,HK,FSC,FOUR STAR,United States,N
Freedom Air,FP,FRE,FREEDOM,United States,Y
Frontier Airlines,F9,FFT,FRONTIER FLIGHT,United States,Y
Frontier Flying Service,2F,FTA,FRONTIER-AIR,United States,Y
Futura International Airways,FH,FUA,FUTURA,Spain,N
GB Airways,GT,GBL,GEEBEE AIRWAYS,United Kingdom,Y
Galaxy Air,7O,GAL,GALAXY,Kyrgyzstan,N
Gambia International Airlines,GC,GNR,GAMBIA INTERNATIONAL,Gambia,N
Gandalf Airlines,G7,GNF,Gandalf,Italy,N
Garuda Indonesia,GA,GIA,INDONESIA,Indonesia,Y
Gazpromavia,4G,GZP,GAZPROMAVIA,Russia,Y
Gemini Air Cargo,GR,GCO,GEMINI,United States,N
Georgian Airways,A9,TGZ,TAMAZI,Georgia,Y
Georgian National Airlines,QB,GFG,NATIONAL,Georgia,Y
Germania,ST,GMI,GERMANIA,Germany,Y
Germanwings,4U,GWI,GERMAN WINGS,Germany,Y
Gestair,GP,GES,GESTAIR,Spain,N
Ghana International Airlines,G0,GHB,GHANA AIRLINES,Ghana,Y
Go Air,G8,GOW,GOAIR,India,Y
GoJet Airlines,G7,GJS,GATEWAY,United States,Y
Gol Transportes Aéreos,G3,GLO,GOL TRANSPORTE,Brazil,Y
Golden Air,DC,GAO,GOLDEN,Sweden,Y
Gorkha Airlines,G1,IKA,GORKHA AIRLINES,Nepal,N
Grant Aviation,GS,GUN,HOOT,United States,N
Great Lakes Airlines,ZK,GLA,LAKES AIR,United States,Y
Great Wall Airlines,IJ,GWL,GREAT WALL,China,N
Grupo TACA,TA,TAT,TACA-COSTARICA,Costa Rica,Y
Guine Bissaur Airlines,G6,BSR,BISSAU AIRLINES,Guinea-Bissau,N
Guinee Airlines,J9,GIF,GUINEE AIRLINES,Guinea,N
Gujarat Airways,G8,GUJ,GUJARATAIR,India,N
Gulf Air Bahrain,GF,GBA,GULF BAHRAIN,Bahrain,Y
Hageland Aviation Services,H6,HAG,HAGELAND,United States,Y
Hahn Air,HR,HHN,ROOSTER,Germany,N
Hainan Airlines,HU,CHH,HAINAN,China,Y
Haiti Ambassador Airlines,2T,HAM,,Haiti,Y
Hamburg International,4R,HHI,HAMBURG JET,Germany,Y
TUIfly,X3,HLX,YELLOW CAB,Germany,Y
Hapagfly,HF,HLF,HAPAG LLOYD,Germany,Y
Harbor Airlines,HB,HAR,HARBOR,United States,N
Harmony Airways,HQ,HMY,HARMONY,Canada,N
Hawaiian Airlines,HA,HAL,HAWAIIAN,United States,Y
Heavylift Cargo Airlines,HN,HVY,HEAVY CARGO,Australia,N
Heli France,8H,HFR,HELIFRANCE,France,Y
Helijet,JB,JBA,HELIJET,Canada,Y
Helios Airways,ZU,HCY,HELIOS,Cyprus,N
Hellas Jet,T4,HEJ,HELLAS JET,Greece,Y
Hello,HW,FHE,FLYHELLO,Switzerland,Y
Helvetic Airways,2L,OAW,HELVETIC,Switzerland,Y
Hemus Air,DU,HMS,HEMUS AIR,Bulgaria,N
Hewa Bora Airways,EO,ALX,ALLCONGO,Democratic Republic of the Congo,N
Hex'Air,UD,HER,HEX AIRLINE,France,Y
Hi Fly,5K,HFY,SKY FLYER,Portugal,N
Hokkaido International Airlines,HD,ADO,AIR DO,Japan,Y
Hola Airlines,H5,HOA,HOLA,Spain,N
Hong Kong Airlines,HX,CRK,BAUHINIA,Hong Kong SAR of China,Y
Hong Kong Express Airways,UO,HKE,HONGKONG SHUTTLE,Hong Kong SAR of China,Y
Horizon Air,QX,QXE,HORIZON AIR,United States,Y
Horizon Airlines,BN,HZA,,Australia,Y
IBC Airways,II,CSQ,CHASQUI,United States,N
Iberia Airlines,IB,IBE,IBERIA,Spain,Y
Iberworld,TY,IWD,,Spain,Y
Ibex Airlines,FW,IBX,IBEX,Japan,Y
Icelandair,FI,ICE,ICEAIR,Iceland,Y
Imair Airlines,IK,ITX,IMPROTEX,Azerbaijan,Y
Independence Air,DH,IDE,INDEPENDENCE AIR,United States,N
IndiGo Airlines,6E,IGO,IFLY,India,Y
Indian Airlines,IC,IAC,INDAIR,India,Y
Indigo,I9,IBU,INDIGO BLUE,United States,Y
Indonesia AirAsia,QZ,AWQ,WAGON AIR,Indonesia,Y
Indonesian Airlines,IO,IAA,INDO LINES,Indonesia,Y
InteliJet Airways,IJ,IJT,INTELIJET,Colombia,N
Inter Islands Airlines,H4,IIN,,Cape Verde,N
Interair South Africa,D6,ILN,INLINE,South Africa,Y
Interavia Airlines,ZA,SUW,ASTAIR,Russia,Y
Intercontinental de Aviaci,RS,ICT,CONTAVIA,Colombia,N
Interlink Airlines,ID,ITK,INTERLINK,South Africa,Y
International Business Air,6I,IBZ,INTERBIZ,Sweden,N
Intersky,3L,ISK,INTERSKY,Austria,Y
Interstate Airline,I4,FWA,FREEWAYAIR,Netherlands,N
Iran Air,IR,IRA,IRANAIR,Iran,Y
Iran Aseman Airlines,EP,IRC,,Iran,Y
Iraqi Airways,IA,IAW,IRAQI,Iraq,Y
Island Express,2S,SDY,SANDY ISLE,United States,N
Cargo Plus Aviation,8L,CGP,,United Arab Emirates,Y
Islas Airways,IF,ISW,PINTADERA,Spain,Y
Islena De Inversiones,WC,ISV,,Honduras,Y
Israir,6H,ISR,ISRAIR,Israel,Y
Itali Airlines,9X,ACL,ITALI,Italy,N
Itek Air,GI,IKA,ITEK-AIR,Kyrgyzstan,Y
Izair,H9,IZM,IZMIR,Turkey,N
JAL Express,JC,JEX,JANEX,Japan,Y
JALways,JO,JAZ,JALWAYS,Japan,Y
Japan Airlines,JL,JAL,JAPANAIR,Japan,Y
Japan Airlines Domestic,JL,JAL,J-BIRD,Japan,Y
Japan Asia Airways,EG,JAA,ASIA,Japan,Y
Japan Transocean Air,NU,JTA,JAI OCEAN,Japan,Y
Jat Airways,JU,JAT,JAT,Serbia,N
Jatayu Airlines,VJ,JTY,JATAYU,Indonesia,N
Jazeera Airways,J9,JZR,JAZEERA,Kuwait,Y
Jeju Air,7C,JJA,JEJU AIR,Republic of Korea,Y
Jet Airways,9W,JAI,JET AIRWAYS,India,Y
Jetstar Asia Airways,3K,JSA,JETSTAR ASIA,Singapore,Y
Jet2.com,LS,EXS,CHANNEX,United Kingdom,Y
Jet4You,8J,JFU,ARGAN,Morocco,Y
JetBlue Airways,B6,JBU,JETBLUE,United States,Y
Jetairfly,JF,JAF,BEAUTY,Belgium,Y
Jetclub,0J,JCS,JETCLUB,Switzerland,N
JetsGo,SG,JGO,JETSGO,Canada,N
Jetstar Airways,JQ,JST,JETSTAR,Australia,Y
Jett8 Airlines Cargo,JX,JEC,,Singapore,N
Jetx Airlines,GX,JXX,JETBIRD,Iceland,N
Jordan Aviation,R5,JAV,JORDAN AVIATION,Jordan,N
Juneyao Airlines,HO,DKH,JUNEYAO AIRLINES,China,Y
KD Avia,KD,KNI,KALININGRAD AIR,Russia,Y
KLM Cityhopper,WA,KLC,CITY,Netherlands,Y
KLM Royal Dutch Airlines,KL,KLM,KLM,Netherlands,Y
Kabo Air,N2,QNK,KABO,Nigeria,N
Kalitta Air,K4,CKS,CONNIE,United States,N
Kam Air,RQ,KMF,KAMGAR,Afghanistan,Y
Kampuchea Airlines,E2,KMP,KAMPUCHEA,Cambodia,N
Karat,V2,AKT,AVIAKARAT,Russia,N
Kavminvodyavia,KV,MVD,AIR MINVODY,Russia,Y
Kenmore Air,M5,KEN,KENMORE,United States,Y
Kenya Airways,KQ,KQA,KENYA,Kenya,Y
Keystone Air Services,BZ,KEE,KEYSTONE,Canada,N
Kingfisher Airlines,IT,KFR,KINGFISHER,India,Y
Kish Air,Y9,IRK,KISHAIR,Iran,Y
Kiwi International Air Lines,KP,KIA,KIWI AIR,United States,N
Kogalymavia Air Company,7K,KGL,KOGALYM,Russia,Y
Komiinteravia,8J,KMV,KOMIINTER,Russia,N
Korean Air,KE,KAL,KOREANAIR,Republic of Korea,Y
Krasnojarsky Airlines,7B,KJC,KRASNOJARSKY AIR,Russia,Y
Krylo Airlines,K9,KRI,Krylo,Russia,N
Kuban Airlines,GW,KIL,AIR KUBAN,Russia,Y
Kunpeng Airlines,VD,KPA,KUNPENG,China,N
Kuwait Airways,KU,KAC,KUWAITI,Kuwait,Y
Kuzu Airlines Cargo,GO,KZU,KUZU CARGO,Turkey,Y
Kyrgyz Airlines,N5,KGZ,BERMET,Kyrgyzstan,N
Kyrgyzstan,QH,LYN,ALTYN AVIA,Kyrgyzstan,N
Kyrgyzstan Airlines,R8,KGA,KYRGYZ,Kyrgyzstan,N
Kibris T,KY,KYV,AIRKIBRIS,Turkey,N
L.A.B. Flying Service,JF,LAB,LAB,United States,N
LACSA,LR,LRC,LACSA,Costa Rica,Y
LAI - Linea Aerea IAACA,KG,BNX,AIR BARINAS,Venezuela,N
LAN Airlines,LA,LAN,LAN,Chile,Y
LAN Argentina,4M,DSM,LAN AR,Argentina,Y
LAN Express,LU,LXP,LANEX,Chile,Y
LAN Peru,LP,LPE,LANPERU,Peru,Y
LOT Polish Airlines,LO,LOT,POLLOT,Poland,Y
LTE International Airways,XO,LTE,FUN JET,Spain,Y
LTU Austria,L3,LTO,BILLA TRANSPORT,Austria,Y
LTU International,LT,LTU,LTU,Germany,N
Lagun Air,N6,JEV,,Spain,N
Lankair,IK,LKN,Lankair,Sri Lanka,N
Lao Airlines,QV,LAO,LAO,Lao Peoples Democratic Republic,Y
Laoag International Airlines,L7,LPN,LAOAG AIR,Philippines,N
Lauda Air,NG,LDA,LAUDA AIR,Austria,Y
Lebanese Air Transport,LQ,LAQ,LAT,Lebanon,N
Leeward Islands Air Transport,LI,LIA,LIAT,Antigua and Barbuda,Y
Libyan Arab Airlines,LN,LAA,LIBAIR,Libya,Y
Linea Aerea SAPSA,L7,LNP,SAPSA,Chile,N
Linea Aerea de Servicio Ejecutivo Regional,8z,LER,LASER,Venezuela,N
Linea Turistica Aerotuy,LD,TUY,AEREOTUY,Venezuela,N
Lineas Aereas Azteca,ZE,LCD,LINEAS AZTECA,Mexico,N
Linhas A,LM,LAM,MOZAMBIQUE,Mozambique,Y
Lion Mentari Airlines,JT,LNI,LION INTER,Indonesia,Y
Livingston,LM,LVG,LIVINGSTON,Italy,N
Lloyd Aereo Boliviano,LB,LLB,LLOYDAEREO,Bolivia,N
Luftfahrtgesellschaft Walter,HE,LGW,WALTER,Germany,Y
Lufthansa,LH,DLH,LUFTHANSA,Germany,Y
Lufthansa Cargo,LH,GEC,LUFTHANSA CARGO,Germany,Y
Lufthansa CityLine,CL,CLH,HANSALINE,Germany,Y
Lufttaxi Fluggesellschaft,DV,LTF,Garfield,Germany,N
Lufttransport,L5,LTR,LUFT TRANSPORT,Norway,Y
Luxair,LG,LGL,LUXAIR,Luxembourg,Y
Lviv Airlines,5V,UKW,UKRAINE WEST,Ukraine,N
Lynden Air Cargo,L2,LYC,LYNDEN,United States,N
L,MJ,LPR,LAPA,Argentina,Y
MasAir,M7,MAA,MAS CARGA,Mexico,Y
MAT Macedonian Airlines,IN,MAK,MAKAVIO,Macedonia,Y
MIAT Mongolian Airlines,OM,MGL,MONGOL AIR,Mongolia,Y
MNG Airlines,MB,MNB,BLACK SEA,Turkey,Y
Macair Airlines,CC,MCK,,Australia,Y
Mahan Air,W5,IRM,MAHAN AIR,Iran,Y
Mahfooz Aviation,M2,MZS,MAHFOOZ,Gambia,N
Malaysia Airlines,MH,MAS,MALAYSIAN,Malaysia,Y
Malmö Aviation,TF,SCW,Scanwings,Sweden,Y
Malta Air Charter,R5,MAC,MALTA CHARTER,Malta,Y
Malév,MA,MAH,MALEV,Hungary,Y
Mandala Airlines,RI,MDL,MANDALA,Indonesia,Y
Mandarin Airlines,AE,MDA,Mandarin,Taiwan,Y
Mango,JE,MNO,TULCA,South Africa,Y
Mars RK,6V,MRW,AVIAMARS,Ukraine,N
Marsland Aviation,M7,MSL,MARSLANDAIR,Sudan,N
Martinair,MP,MPH,MARTINAIR,Netherlands,Y
Mavial Magadan Airlines,H5,MVL,Mavial,Russia,N
Maxair,8M,MXL,MAXAIR,Sweden,Y
Maxjet Airways,MY,MXJ,MAX-JET,United States,N
Maya Island Air,MW,MYD,MYLAND,Belize,Y
Menajet,IM,MNJ,MENAJET,Lebanon,N
Meridiana,IG,ISS,MERAIR,Italy,Y
Merpati Nusantara Airlines,MZ,MNA,MERPATI,Indonesia,Y
Mesa Airlines,YV,ASH,AIR SHUTTLE,United States,Y
Mesaba Airlines,XJ,MES,MESABA,United States,Y
Mexicana de Aviaci,MX,MXA,MEXICANA,Mexico,Y
Miami Air International,GL,BSK,BISCAYNE,United States,N
Middle East Airlines,ME,MEA,CEDAR JET,Lebanon,Y
Midway Airlines,JI,MDW,MIDWAY,United States,Y
Midwest Airlines,YX,MEP,,United States,Y
Midwest Airlines (Egypt),MY,MWA,,Egypt,Y
Moldavian Airlines,2M,MDV,MOLDAVIAN,Moldova,Y
Monarch Airlines,ZB,MON,MONARCH,United Kingdom,Y
Montenegro Airlines,YM,MGX,MONTAIR,Montenegro,Y
Moskovia Airlines,3R,GAI,GROMOV AIRLINE,Russia,Y
Motor Sich,M9,MSI,MOTOR SICH,Ukraine,Y
Mount Cook Airlines,NM,NZM,MOUNTCOOK,New Zealand,N
Mountain Air Company,N4,MTC,MOUNTAIN LEONE,Sierra Leone,N
MyTravel Airways,VZ,MYT,KESTREL,United Kingdom,Y
Myanma Airways,UB,UBA,UNIONAIR,Myanmar,Y
Myanmar Airways International,8M,MMM,assignment postponed,Myanmar,Y
Nantucket Airlines,DV,ACK,ACK AIR,United States,N
Nasair,UE,NAS,NASAIRWAYS,Eritrea,Y
National Airlines,N4,NCN,,Chile,N
National Airlines,N7,ROK,RED ROCK,United States,N
National Jet Systems,NC,NJS,NATIONAL JET,Australia,Y
Nationwide Airlines,CE,NTW,NATIONWIDE,South Africa,Y
Nauru Air Corporation,ON,RON,AIR NAURU,Nauru,Y
Nepal Airlines,RA,RNA,ROYAL NEPAL,Nepal,Y
Neos,NO,NOS,MOONFLOWER,Italy,N
NetJets,1I,EJA,EXECJET,United States,Y
New England Airlines,EJ,NEA,NEW ENGLAND,United States,Y
NextJet,2N,NTJ,NEXTJET,Sweden,Y
Niki,HG,NLY,FLYNIKI,Austria,Y
Nippon Cargo Airlines,KZ,NCA,NIPPON CARGO,Japan,N
Nok Air,DD,NOK,NOK AIR,Thailand,Y
Nordeste Linhas Aereas Regionais,JH,NES,NORDESTE,Brazil,N
Nordic Regional,6N,NRD,NORTH RIDER,Sweden,N
North Flying,M3,NFA,NORTH FLYING,Denmark,N
North-Wright Airways,HW,NWL,NORTHWRIGHT,Canada,N
Northern Air Cargo,NC,NAC,YUKON,United States,N
Northwest Airlines,NW,NWA,NORTHWEST,United States,Y
Northwest Regional Airlines,FY,NWR,,Australia,N
Northwestern Air,J3,PLR,POLARIS,Canada,Y
Norwegian Air Shuttle,DY,NAX,NOR SHUTTLE,Norway,Y
Nouvel Air Tunisie,BJ,LBT,NOUVELAIR,Tunisia,Y
Nova Airline,M4,NOV,NOVANILE,Sudan,N
Novair,1I,NVR,NAVIGATOR,Sweden,Y
Nuevo Continente,N6,ACQ,AERO CONTINENTE,Peru,N
Nas Air,XY,KNE,NAS EXPRESS,Saudi Arabia,Y
O'Connor Airlines,UQ,OCM,OCONNOR,Australia,N
Oasis Hong Kong Airlines,O8,OHK,OASIS,Hong Kong,Y
Ocean Airlines,VC,VCX,OCEANCARGO,Italy,N
Oceanair,O6,ONE,OCEANAIR,Brazil,Y
Olympic Airlines,OA,OAL,OLYMPIC,Greece,Y
Oman Air,WY,OMA,OMAN AIR,Oman,Y
Omni Air International,OY,OAE,OMNI-EXPRESS,United States,Y
Omskavia Airline,N3,OMS,OMSK,Russia,N
Onur Air,8Q,OHY,ONUR AIR,Turkey,Y
Orenburg Airlines,R2,ORB,ORENBURG,Russia,Y
Orient Thai Airlines,OX,OEA,ORIENT THAI,Thailand,Y
Origin Pacific Airways,QO,OGN,ORIGIN,New Zealand,Y
Ostfriesische Lufttransport,OL,OLT,OLTRA,Germany,Y
Our Airline,ON,RON,OUR AIRLINE,Nauru,N
Overland Airways,OJ,OLA,OVERLAND,Nigeria,Y
Ozark Air Lines,OZ,OZR,OZARK,United States,N
Ozjet Airlines,O7,OZJ,AUSJET,Australia,Y
PAN Air,PV,PNR,SKYJET,Spain,Y
PB Air,9Q,PBA,PEEBEE AIR,Thailand,Y
PLUNA,PU,PUA,PLUNA,Uruguay,Y
PMTair,U4,PMT,MULTITRADE,Cambodia,Y
Pace Airlines,Y5,PCE,PACE,United States,N
Jetstar Pacific,BL,PIC,PACIFIC AIRLINES,Vietnam,Y
Pacific Blue,DJ,PBN,BLUEBIRD,New Zealand,N
Pacific Coastal Airline,8P,PCO,PASCO,Canada,Y
Pacific East Asia Cargo Airlines,Q8,PEC,PAC-EAST CARGO,Philippines,Y
Pacific Southwest Airlines,PS,PSX,SMILEY,United States,N
Pacific Wings,LW,NMI,TSUNAMI,United States,Y
Pakistan International Airlines,PK,PIA,PAKISTAN,Pakistan,Y
Palau Trans Pacific Airline,GP,PTP,TRANS PACIFIC,Palau,N
Palestinian Airlines,PF,PNW,PALESTINIAN,Egypt,N
Pamir Airways,NR,PIR,PAMIR,Afghanistan,N
Pan American Airways,PA,PAA,,United States,N
Pan American World Airways,PA,PAA,CLIPPER,United States,N
Panafrican Airways,PQ,PNF,PANWAYS,Ivory Coast,N
Pantanal Linhas Aéreas,P8,PTN,PANTANAL,Brazil,N
Paramount Airways,I7,PMW,PARAWAY,India,Y
Pearl Airways,HP,HPA,PEARL AIRWAYS,Haiti,N
Pegasus Airlines,PC,PGT,SUNTURK,Turkey,Y
Peninsula Airways,KS,PEN,PENINSULA,United States,Y
Perm Airlines,P9,PGP,PERM AIR,Russia,N
Philippine Airlines,PR,PAL,PHILIPPINE,Philippines,Y
Phuket Air,9R,VAP,PHUKET AIR,Thailand,N
Piedmont Airlines (1948-1989),PI,PDT,PIEDMONT,United States,Y
Pinnacle Airlines,9E,FLG,FLAGSHIP,United States,Y
Polar Air Cargo,PO,PAC,POLAR,United States,N
Polynesian Airlines,PH,PAO,POLYNESIAN,Samoa,Y
Polynesian Blue,DJ,PLB,POLYBLUE,New Zealand,N
Porter Airlines,PD,POE,PORTER AIR,Canada,Y
Portugalia,NI,PGA,PORTUGALIA,Portugal,Y
Potomac Air,BK,PDC,DISTRICT,United States,Y
Precision Air,PW,PRF,PRECISION AIR,Tanzania,Y
President Airlines,TO,PSD,,Cambodia,N
Primaris Airlines,FE,WCP,WHITECAP,United States,N
Private Wings Flugcharter,8W,PWF,PRIVATE WINGS,Germany,N
Qantas,QF,QFA,QANTAS,Australia,Y
Qatar Airways,QR,QTR,QATARI,Qatar,Y
Redhill Aviation,8L,RHC,REDAIR,United Kingdom,N
Reem Air,V4,REK,REEM AIR,Kyrgyzstan,N
Regional Express,ZL,RXA,REX,Australia,Y
RegionsAir,3C,CEA,CORP-X,United States,N
Reno Air,QQ,ROA,RENO AIR,United States,N
Republic Airlines,RW,RPA,BRICKYARD,United States,Y
Republic Express Airlines,RH,RPH,PUBLIC EXPRESS,Indonesia,Y
Rico Linhas A,C7,RLE,RICO,Brazil,N
Rio Grande Air,E2,GRN,GRANDE,United States,N
Rio Sul Servi,SL,RSL,RIO SUL,Brazil,N
Air Rarotonga,GZ,RAR,,Cook Islands,Y
Royal Air Force,RR,RFR,RAFAIR,United Kingdom,N
Royal Air Force of Oman,RS,MJN,MAJAN,Oman,N
Royal Air Maroc,AT,RAM,ROYALAIR MAROC,Morocco,Y
Royal Airlines,R0,RPK,ROYAL PAKISTAN,Pakistan,N
Royal Aruban Airline,V5,RYL,ROYAL ARUBAN,Aruba,N
Royal Brunei Airlines,BI,RBA,BRUNEI,Brunei,Y
Royal Jordanian,RJ,RJA,JORDANIAN,Jordan,Y
Royal Khmer Airlines,RK,RKH,KHMER AIR,Cambodia,N
Royal Nepal Airlines,RA,RNA,ROYAL NEPAL,Nepal,Y
Royal Tongan Airlines,WR,HRH,TONGA ROYAL,Tonga,N
Russian Sky Airlines,P7,ESL,RADUGA,Russia,N
Rwandair Express,WB,RWD,RWANDAIR,Rwanda,Y
Ryan International Airlines,RD,RYN,RYAN INTERNATIONAL,United States,Y
Ryanair,FR,RYR,RYANAIR,Ireland,Y
Régional,YS,RAE,REGIONAL EUROPE,France,Y
SATA International,S4,RZO,AIR AZORES,Portugal,Y
South African Airways,SA,SAA,SPRINGBOK,South Africa,Y
Shaheen Air International,NL,SAI,SHAHEEN AIR,Pakistan,Y
Scandinavian Airlines System,SK,SAS,SCANDINAVIAN,Sweden,Y
S7 Airlines,S7,SBI,SIBERIAN AIRLINES,Russia,Y
Seaborne Airlines,BB,SBS,SEABORNE,United States,Y
SriLankan Airlines,UL,ALK,SRILANKAN,Sri Lanka,Y
Sun Country Airlines,SY,SCX,SUN COUNTRY,United States,Y
Sky Express,G3,SEH,AIR CRETE,Greece,Y
Spicejet,SG,SEJ,SPICEJET,India,Y
Sky Eyes,I6,SEQ,SKY EYES,Thailand,N
SAETA,EH,SET,SAETA,Ecuador,N
Star Flyer,7G,SFJ,STARFLYER,Japan,Y
Safair,FA,SFR,CARGO,South Africa,N
Skagway Air Service,N5,SGY,SKAGWAY AIR,United States,Y
SATA Air Acores,SP,SAT,SATA,Portugal,Y
Singapore Airlines,SQ,SIA,SINGAPORE,Singapore,Y
Sibaviatrans,5M,SIB,SIBAVIA,Russia,Y
Skynet Airlines,SI,SIH,BLUEJET,Ireland,Y
SITA,XS,SIT,,Belgium,N
Sriwijaya Air,SJ,SJY,SRIWIJAYA,Indonesia,Y
Sama Airlines,ZS,SMY,NAJIM,Saudi Arabia,Y
Singapore Airlines Cargo,SQ,SQC,SINGCARGO,Singapore,Y
Siem Reap Airways,FT,SRH,SIEMREAP AIR,Cambodia,Y
Sky Work Airlines,SX,SRK,SKYFOX,Switzerland,N
Swedline Express,SM,SRL,Starline,Sweden,N
South East Asian Airlines,DG,SRQ,SEAIR,Philippines,Y
SwedJet Airways,VD,BBB,BLACKBIRD,Sweden,N
Skyservice Airlines,5G,SSV,SKYTOUR,Canada,Y
Servicios de Transportes A,FS,STU,FUEGUINO,Argentina,Y
Sudan Airways,SD,SUD,SUDANAIR,Sudan,Y
Sun Air (Fiji),PI,SUF,SUNFLOWER,Fiji,N
Sun Air of Scandinavia,EZ,SUS,SUNSCAN,Denmark,N
Saudi Arabian Airlines,SV,SVA,SAUDIA,Saudi Arabia,Y
Southwest Airlines,WN,SWA,SOUTHWEST,United States,Y
Southern Winds Airlines,A4,SWD,SOUTHERN WINDS,Argentina,Y
Sunwing Airlines,WG,SWG,SUNWING,Canada,N
Swiss International Air Lines,LX,SWR,SWISS,Switzerland,Y
Swissair,SR,SWR,Swissair,Switzerland,Y
Swe Fly,WV,SWV,FLYING SWEDE,Sweden,Y
Shovkoviy Shlyah,S8,SWW,WAY AERO,Ukraine,N
SunExpress,XQ,SXS,SUNEXPRESS,Turkey,Y
Syrian Arab Airlines,RB,SYR,SYRIANAIR,Syrian Arab Republic,Y
Skywalk Airlines,AL,SYX,SKYWAY-EX,United States,Y
Silk Way Airlines,ZP,AZQ,SILK LINE,Azerbaijan,N
Samara Airlines,E5,BRZ,BERYOZA,Russia,N
Shandong Airlines,SC,CDG,SHANDONG,China,Y
Spring Airlines,9S,CQH,AIR SPRING,China,Y
Sichuan Airlines,3U,CSC,SI CHUAN,China,Y
Shanghai Airlines,FM,CSH,SHANGHAI AIR,China,Y
Shenzhen Airlines,ZH,CSZ,SHENZHEN AIR,China,Y
Shanxi Airlines,8C,CXI,SHANXI,China,N
Sun D'Or,7L,ERO,ECHO ROMEO,Israel,Y
SkyEurope,NE,ESK,RELAX,Slovakia,Y
Sunshine Express Airlines,CQ,EXL,,Australia,N
Superior Aviation,SO,HKA,SPEND AIR,United States,N
Spanair,JK,JKK,SPANAIR,Spain,Y
San Juan Airlines,2G,MRR,MARINER,United States,N
Spirit Airlines,NK,NKS,SPIRIT WINGS,United States,Y
SATENA,9R,NSE,SATENA,Colombia,Y
Slok Air Gambia,S0,OKS,SLOK GAMBIA,Gambia,N
Sosoliso Airlines,SO,OSL,SOSOLISO,Nigeria,N
Sky Trek International Airlines,1I,PZR,PHAZER,United States,N
Skybus Airlines,SX,SKB,SKYBUS,United States,N
SkyKing Turks and Caicos Airways,RU,SKI,SKYKING,Turks and Caicos Islands,N
Santa Barbara Airlines,S3,BBR,SANTA BARBARA,Venezuela,Y
Sky Airline,H2,SKU,AEROSKY,Chile,Y
SkyWest,OO,SKW,SKYWEST,United States,Y
Skyways Express,JZ,SKX,SKY EXPRESS,Sweden,Y
Skymark Airlines,BC,SKY,SKYMARK,Japan,Y
Sierra National Airlines,LJ,SLA,SELAIR,Sierra Leone,N
SilkAir,MI,SLK,SILKAIR,Singapore,Y
Slovak Airlines,6Q,SLL,SLOV LINE,Slovakia,N
Surinam Airways,PY,SLM,SURINAM,Suriname,Y
Sterling Airlines,NB,SNB,STERLING,Denmark,Y
Skynet Asia Airways,6J,SNJ,NEWSKY,Japan,Y
Solomon Airlines,IE,SOL,SOLOMON,Solomon Islands,Y
Saratov Aviation Division,6W,SOV,SARATOV AIR,Russia,Y
Sat Airlines,HZ,SOZ,SATCO,Kazakhstan,Y
Shuttle America,S5,TCF,MERCURY,United States,Y
Scat Air,DV,VSV,VLASTA,Kazakhstan,Y
TAME,EQ,TAE,TAME,Ecuador,Y
TAM Brazilian Airlines,JJ,TAM,TAM,Brazil,Y
TAP Portugal,TP,TAP,AIR PORTUGAL,Portugal,Y
Tunisair,TU,TAR,TUNAIR,Tunisia,Y
TNT Airways,3V,TAY,QUALITY,Belgium,N
Tropical Airways,M7,TBG,,Haiti,N
Thai Air Cargo,T2,TCG,THAI CARGO,Thailand,Y
Thomas Cook Airlines,FQ,TCW,THOMAS COOK,Belgium,Y
Thomas Cook Airlines,MT,TCX,KESTREL,United Kingdom,Y
Tandem Aero,TQ,TDM,TANDEM,Moldova,N
Teamline Air,L9,TLW,Teamline,Austria,N
Transeuropean Airlines,UE,TEP,TRANSEURLINE,Russia,N
Titan Airways,ZT,AWC,ZAP,United Kingdom,N
Tiger Airways,TR,TGW,GO CAT,Singapore,Y
Tiger Airways Australia,TT,TGW,GO CAT,Australia,Y
Thai Airways International,TG,THA,THAI,Thailand,Y
Thai AirAsia,FD,AIQ,THAI ASIA,Thailand,Y
Turkish Airlines,TK,THY,TURKAIR,Turkey,Y
Twin Jet,T7,TJT,TWINJET,France,Y
Thai Sky Airlines,9I,TKY,THAI SKY,Thailand,N
Tulip Air,TD,TLP,TULIPAIR,Netherland,N
Trans Mediterranean Airlines,TL,TMA,TANGO LIMA,Lebanon,Y
Tri-MG Intra Asia Airlines,GY,TMG,TRILINES,Indonesia,N
Tiara Air,3P,TNM,TIARA,Aruba,Y
Tobruk Air,7T,TOB,TOBRUK AIR,Libya,N
Tol-Air Services,TI,TOL,TOL AIR,United States,N
Thomsonfly,BY,TOM,TOMSON,United Kingdom,Y
Tropic Air,PM,TOS,TROPISER,Belize,Y
Tower Air,FF,TOW,TEE AIR,United States,N
TAMPA,QT,TPA,TAMPA,Colombia,Y
TransAsia Airways,GE,TNA,TransAsia,Taiwan,Y
Transavia Holland,HV,TRA,TRANSAVIA,Netherlands,Y
TACV,VR,TCV,CABOVERDE,Portugal,Y
TransMeridian Airlines,T9,TRZ,TRANS-MERIDIAN,United States,N
Transmile Air Services,TH,TSE,TRANSMILE,Malaysia,N
Trast Aero,S5,TSJ,TRAST AERO,Kyrgyzstan,N
Transwest Air,9T,ABS,ATHABASKA,Canada,Y
Transaero Airlines,UN,TSO,TRANSOVIET,Russia,Y
Thai Star Airlines,T9,TSX,THAI STAR,Thailand,N
Turkmenistan Airlines,T5,TUA,TURKMENISTAN,Turkmenistan,Y
Tuninter,UG,TUI,,Tunisia,Y
Tavrey Airlines,T6,TVR,TAVREY,Ukraine,N
Travel Service,QS,TVS,SKYTRAVEL,Czech Republic,Y
Trans World Airlines,TW,TWA,TWA,United States,N
Transaviaexport,AL,TXC,TRANSEXPORT,Belarus,N
TUIfly Nordic,6B,BLX,BLUESCAN,Sweden,Y
TAAG Angola Airlines,DT,DTA,DTA,Angola,Y
Tassili Airlines,SF,DTH,TASSILI AIR,Algeria,N
TAM Mercosur,PZ,LAP,PARAGUAYA,Paraguay,Y
Trans States Airlines,AX,LOF,WATERSKI,United States,Y
Open Skies Consultative Commission,1L,OSY,OPEN SKIES,United States,N
Tarom,RO,ROT,TAROM,Romania,Y
Turan Air,3T,URN,TURAN,Azerbaijan,Y
TRIP Linhas A,8R,TIB,TRIP,Brazil,Y
USA3000 Airlines,U5,GWY,GETAWAY,United States,Y
United Airlines,UA,UAL,UNITED,United States,Y
USA Jet Airlines,U7,JUS,JET USA,United States,N
Ural Airlines,U6,SVR,SVERDLOVSK AIR,Russia,Y
UM Airlines,UF,UKM,UKRAINE MEDITERRANEE,Ukraine,Y
Ukrainian Cargo Airways,6Z,UKS,CARGOTRANS,Ukraine,N
United Parcel Service,5X,UPS,UPS,United States,N
US Airways,US,USA,U S AIR,United States,Y
UTair Aviation,UT,UTA,UTAIR,Russia,Y
Uzbekistan Airways,HY,UZB,UZBEK,Uzbekistan,Y
Ukraine International Airlines,PS,AUI,UKRAINE INTERNATIONAL,Ukraine,Y
V Australia Airlines,VA,VAU,KANGA,Australia,N
Valuair,VF,VLU,VALUAIR,Singapore,Y
Voyageur Airways,VC,VAL,VOYAGEUR,Canada,N
Vietnam Airlines,VN,HVN,VIET NAM AIRLINES,Vietnam,Y
VIM Airlines,NN,MOV,MOV AIR,Russia,Y
Volaris,Y4,VOI,VOLARIS,Mexico,Y
Volga-Dnepr Airlines,VI,VDA,VOLGA-DNEPR,Russia,Y
Virgin America,VX,VRD,REDWOOD,United States,Y
Virgin Express,TV,VEX,VIRGIN EXPRESS,Belgium,Y
Virgin Nigeria Airways,VK,VGN,VIRGIN NIGERIA,Nigeria,Y
Virgin Atlantic Airways,VS,VIR,VIRGIN,United Kingdom,Y
Viva Macau,ZG,VVM,JACKPOT,Macao,Y
Volare Airlines,VE,VLE,VOLA,Italy,Y
Vueling Airlines,VY,VLG,VUELING,Spain,Y
Vladivostok Air,XF,VLK,VLADAIR,Russia,Y
Varig Log,LC,VLO,VELOG,Brazil,Y
Viaggio Air,VM,VOA,VIAGGIO,Bulgaria,N
Virgin Australia,VA,VOZ,VIRGIN,Australia,Y
Virgin Blue,DJ,VBI,BLUEY,Australia,N
VRG Linhas Aereas,RG,VRN,VARIG,Brazil,Y
VASP,VP,VSP,VASP,Brazil,Y
VLM Airlines,VG,VLM,RUBENS,Belgium,Y
WebJet Linhas A,WJ,WEB,WEB-BRASIL,Brazil,Y
Welcome Air,2W,WLC,WELCOMEAIR,Austria,Y
West Air Sweden,PT,SWN,AIR SWEDEN,Sweden,N
WestJet,WS,WJA,WESTJET,Canada,Y
Western Airlines,WA,WAL,WESTERN,United States,Y
Westward Airways,CN,WWD,WESTWARD,United States,N
Widerøe,WF,WIF,WIDEROE,Norway,Y
Wind Jet,IV,JET,GHIBLI,Italy,Y
Wings Air,IW,WON,WINGS ABADI,Indonesia,Y
Wings of Alaska,K5,WAK,WINGS ALASKA,United States,N
Wizz Air,W6,WZZ,WIZZ AIR,Hungary,Y
Wizz Air Hungary,8Z,WVL,WIZZBUL,Bulgaria,Y
World Airways,WO,WOA,WORLD,United States,Y
Wright Air Service,8V,WRF,WRIGHT FLYER,United States,N
XL Airways France,SE,SEU,STARWAY,France,Y
Xiamen Airlines,MF,CXA,XIAMEN AIR,China,Y
Xtra Airways,XP,CXP,RUBY MOUNTAIN,United States,N
Yamal Airlines,YL,LLM,YAMAL,Russia,Y
Yangtze River Express,Y8,YZR,YANGTZE RIVER,China,N
Yemenia,IY,IYE,YEMENI,Yemen,Y
Zambian Airways,Q3,MBN,ZAMBIANA,Zambia,N
Zip,3J,WZP,ZIPPER,Canada,N
Zimex Aviation,C4,IMX,ZIMEX,Switzerland,N
Zoom Airlines,Z4,OOM,ZOOM,Canada,Y
Tyrolean Airways,\N,TYR,TYROLEAN,\N,Y
buzz,UK,BUZ,\N,\N,N
Maldivian Air Taxi,8Q,\N,\N,Maldives,Y
Sky Express,XW,SXR,SKYSTORM,Russia,Y
Yellow Air Taxi,Y0,\N,,United States,N
Royal Air Cambodge,VJ,RAC,,Cambodia,Y
Air Mandalay,6T,\N,Six Tango,Burma,Y
TAN-SAHSA,SH,\N,Sierra Hotel,Honduras,N
Air Busan,BX,ABL,Air Busan,Republic of Korea,Y
TUI Airlines Belgium,TB,TUB,BEAUTY,Belgium,N
Braathens,BU,BRA,Braathens,Norway,N
Globus,GH,GLP,,Russia,Y
Air Kazakhstan,9Y,KZK,Kazakh,Kazakhstan,Y
Japan Air System,JD,JAS,Air System,Japan,Y
Annsett New Zealand (NZA),ZQ,\N,,New Zealand,N
EasyJet (DS),DS,\N,,Switzerland,Y
Star Peru (2I),2I,\N,,Peru,Y
Carnival Air Lines,KW,\N,Carnival Air,United States,Y
United Airways,4H,UBD,UNITED BANGLADESH,Bangladesh,Y
Trans Maldivian Airways,M8,TMW,,Maldives,N
Fly540,5H,FFV,SWIFT TANGO,Kenya,Y
Transavia France,TO,TVF,FRENCH SUN,France,Y
Island Air (WP),WP,MKU,,United States,Y
1-2-go,OG,\N,,Thailand,N
Uni Air,B7,UIA,Glory,Taiwan,Y
Gomelavia,YD,\N,,Belarus,Y
Red Wings,WZ,RWZ,AIR RED,Russia,Y
TUIfly (X3),11,\N,,Germany,Y
Felix Airways,FU,FXX,,Yemen,Y
Kostromskie avialinii,K1,KOQ,,Russia,Y
Greenfly,XX,GFY,,Spain,Y
Tajik Air,7J,\N,,Tajikistan,Y
Air Mozambique,TM,\N,,Mozambique,Y
ELK Airways,--,ELK,,Estonia,Y
Gabon Airlines,GY,GBK,GABON AIRLINES,Gabon,Y
Maldivo Airlines,ML,MAV,Maldivo,Maldives,Y
Virgin Pacific,VH,VNP,,Fiji,Y
Zest Air,Z2,\N,,Philippines,Y
Yangon Airways,HK,\N,Hotel Kilo,Burma,Y
Transport Aérien Transrégional,IJ,\N,,France,N
Minerva Airlines,N4,\N,,Italy,N
Eastar Jet,ZE,ESR,Eastar,South Korea,Y
Jin Air,LJ,JNA,Jin Air,South Korea,Y
Aéris (Priv),SH,\N,,France,N
Air Arabia Maroc,3O,\N,Air Arabia,Morocco,Y
Baltic Air lines,B1,BA1,Baltic,Latvia,Y
Ciel Canadien,YC,YCC,Ciel,Canada,Y
Canadian National Airways,CN,YCP,CaNational,Canada,Y
Epic Holiday,FA,4AA,Epic,United States,Y
Air Comet Chile,3I,\N,,Chile,Y
Nazca,-.,\N,,Peru,N
Voronezhskie Airlanes,DN,\N,,Russia,N
Line Blue,L8,LBL,Bluebird,Germany,Y
Blue Sky America,BU,BKY,,United States,N
Texas Spirit,XS,TXP,,United States,N
Illinois Airways,IL,ILW,,United States,N
Salzburg arrows,SZ,\N,SZA,Austria,Y
Texas Wings,TQ,TXW,TXW,United States,Y
California Western,KT,CWS,,United States,N
Dennis Sky,DH,DSY,DSY,Israel,Y
Zz,ZZ,\N,,Belgium,Y
Atifly,A1,A1F,atifly,United States,Y
Air UK,UK,\N,,United Kingdom,N
Suckling Airways,CB,\N,,United Kingdom,N
Reno Sky,RY,\N,,United States,N
Ciao Air,99,\N,,Italy,Y
Birmingham European,VB,\N,,United Kingdom,N
Pal airlines,5P,\N,,Chile,Y
CanXpress,C1,CA1,CAX,Canada,Y
Danube Wings (V5),V5,\N,,Slovakia,Y
Sharp Airlines,SH,SHA,SHARP,Australia,Y
CanXplorer,C2,CAP,,Canada,Y
Click (Mexicana),QA,\N,,Mexico,Y
World Experience Airline,W1,WE1,WEA,Canada,Y
ALAK,J4,\N,,Russia,Y
AJT Air International,E9,\N,,Russia,N
Air Choice One,3E,\N,,United States,Y
China United,KN,\N,,China,Y
Locair,ZQ,LOC,LOCAIR,United States,Y
Safi Airlines,4Q,\N,,Afghanistan,Y
SeaPort Airlines,K5,SQH,SASQUATCH,United States,Y
Salmon Air,S6,\N,,United States,Y
Fly Illi,IL,ILY,,United States,N
Bobb Air Freight,1,\N,,Germany,Y
Star1 Airlines,V9,HCW,,Lithuania,Y
Pelita,6D,\N,,Indonesia,Y
Alpi Eagles (E8),E8,\N,,Italy,N
Alaska Seaplane Service,J5,\N,,United States,Y
TAN,T8,\N,,Argentina,N
MexicanaLink,I6,MXI,LINK,Mexico,Y
Island Spirit,IP,ISX,,Iceland,Y
TACA Peru,T0,\N,TACA PERU,Peru,Y
Pan Am World Airways Dominicana,7Q,\N,PAWA,Dominican Republic,Y
Primera Air,PF,\N,PRIMERA,Iceland,Y
Air Antilles Express,3S,\N,GREEN BIRD,Guadeloupe,Y
Regional Paraguaya,P7,REP,REGIOPAR,Paraguay,Y
VIP Ecuador,V6,\N,,Ecuador,Y
Peruvian Airlines,P9,\N,,Peru,Y
Polar Airlines,ЯП,\N,,Russia,Y
Catovair,OC,\N,CATOVAIR,Mauritius,Y
Halcyonair,7Z,\N,CREOLE,Cape Verde,Y
Business Aviation,4P,\N,AFRICAN BUSINESS,Congo (Kinshasa),Y
Compagnie Africaine d\\'Aviation,E9,\N,AFRICOMPANY,Congo (Kinshasa),Y
Zambia Skyways,K8,\N,ZAMBIA SKIES,Zambia,Y
AlMasria Universal Airlines,UJ,LMU,ALMASRIA,Egypt,Y
SmartLynx Airlines,6Y,\N,,Latvia,Y
KoralBlue Airlines,K7,KBR,KORAL BLUE,Egypt,Y
Elysian Airlines,E4,GIE,,Cameroon,Y
Hellenic Imperial Airways,HT,IMP,IMPERIAL,Greece,Y
Amsterdam Airlines,WD,AAN,AMSTEL,Netherlands,Y
Arik Niger,Q9,NAK,,Niger,Y
Dana Air,DA,\N,DANACO,Nigeria,Y
STP Airways,8F,STP,SAOTOME AIRWAYS,Sao Tome and Principe,Y
Med Airways,7Y,\N,FLYING CARPET,Lebanon,Y
Skyjet Airlines,UQ,SJU,SKYJET,Uganda,Y
Air Volga,G6,\N,GOUMRAK,Russia,Y
Royal Falcon,RL,RFJ,,Jordan,Y
Euroline,4L,MJX,GEO-LINE,Georgia,Y
Worldways,WG,WGC,,Canada,N
Athens Airways,ZF,\N,ATHENSAIR,Greece,Y
Viking Hellas,VQ,VKH,DELPHI,Greece,Y
Starline.kz,DZ,\N,ALUNK,Kazakhstan,Y
Euro Harmony,EH,EHM,,Portugal,N
Lugansk Airlines,L7,\N,ENTERPRISE LUHANSK,Ukraine,Y
Gryphon Airlines,6P,\N,,United States,Y
Gadair European Airlines,GP,GDR,GADAIR,Spain,Y
Spirit of Manila Airlines,SM,MNP,MANILA SKY,Philippines,Y
Chongqing Airlines,OQ,CQN,CHONG QING,China,Y
West Air China,PN,CHB,WEST CHINA,China,Y
Falcon Air (IH),IH,\N,,Sweden,N
QatXpress,C3,QAX,,Qatar,Y
OneChina,1C,1CH,,China,Y
NordStar Airlines,Y7,\N,,Russia,Y
Joy Air,JR,JOY,JOY AIR,China,Y
Air India Regional,CD,\N,ALLIED,India,Y
MDLR Airlines,9H,\N,MDLR,India,Y
Maldivian,Q2,\N,ISLAND AVIATION,Maldives,Y
Xpressair,XN,\N,,Indonesia,Y
Strategic Airlines,VC,\N,,Australia,Y
Fuji Dream Airlines,JH,\N,FUJI DREAM,Japan,Y
SGA Airlines,5E,\N,SIAM,Thailand,Y
Air2there,F8,\N,,New Zealand,Y
Avianova (Russia),AO,\N,Nova,Russia,Y
Parmiss Airlines (IPV),PA,IPV,IPV,Iran,Y
EuropeSky,ES,EUV,EuropeSky,Germany,Y
BRAZIL AIR,GB,BZE,BRAZIL AIR,Brazil,Y
Homer Air,MR,OME,,Germany,Y
Court Line,??,???,,United Kingdom,N
South West Africa Territory Force,??,***,,Namibia,N
Lombards Air,++,---,,South Africa,N
U.S. Air,-+,--+,,United States,Y
Flitestar,GM,===,,South Africa,N
Jayrow,\\',\\'\\,,Australia,Y
Llloyd Helicopters,::,:::,,Australia,N
Wilderness Air,;;,\N,,Australia,Y
Whitaker Air,^^,\N,,Australia,Y
PanAm World Airways,WQ,PQW,,United States,Y
Virginwings,YY,VWA,,Germany,Y
KSY,KY,KSY,KSY,Greece,Y
Buquebus Líneas Aéreas,BQ,BQB,,Uruguay,Y
SOCHI AIR,CQ,KOL,SLOW FROG,Russia,Y
Wizz Air Ukraine,WU,WAU,WIZZAIR UKRAINE,Ukraine,Y
88,47,VVN,,Cyprus,Y
LCM AIRLINES,LQ,LMM,,Russia,Y
Aero Brazil,BZ,BZL,,Brazil,N
Cambodia Angkor Air (K6),K6,\N,,Cambodia,Y
Skyline nepc,D5,\N,,India,N
THREE,H3,T33,,China,N
Royal European Airlines,69,\N,,United Kingdom,Y
Tom\\'s & co airliners,&T,T&O,T&,France,Y
Azul,AD,AZU,,Brazil,Y
LSM Airlines,PQ,LOO,slowbird,Russia,Y
LionXpress,C4,LIX,LIX,Cameroon,Y
Nik Airways,X1,\N,,Saudi Arabia,N
Genesis,GK,\N,,Pakistan,Y
Congo Express,XZ,\N,EXPRESSWAYS,Congo (Kinshasa),Y
Fly Dubai,FZ,FDB,,United Arab Emirates,Y
Domenican Airlines,D1,MDO,Domenican,Dominican Republic,Y
Air Atlantic,9A,\N,Atlantic,Canada,N
Air Ops,CR,\N,,Sweden,N
Aereonautica militare,JY,AXZ,,Italy,Y
LSM AIRLINES ,YZ,YZZ,Moscow frog ,Russia,Y
Aero Lloyd (YP),YP,AEF,,Germany,N
UTair-Express,UR,\N,,Russia,Y
Huaxia,G5,\N,,China,Y
Zabaykalskii Airlines,ZP,ZZZ,Lakeair,Russia,Y
Marysya Airlines,M4,1QA,MARSHAK AIR,Russia,Y
N1,N1,\N,,Peru,Y
Airlink (SAA),4Z,\N,,South Africa,Y
JobAir,3B,\N,,Czech Republic,Y
Zuliana de Aviacion,OD,ULA,,Venezuela,N
Black Stallion Airways,BZ,BSA,Stallion,United States,Y
German International Air Lines,GM,GER,,Germany,Y
TrasBrasil,TB,TBZ,,Brazil,Y
TransBrasil Airlines,TH,THS,,Brazil,Y
China SSS,9C,\N,,China,Y
Nihon.jet,NJ,\N,,Japan,N
Transportes Aéreos Nacionales de Selva,TJ,\N,Aereos Selva,Peru,N
Air Mekong,P8,MKG,Air Mekong,Vietnam,Y
Harbour Air (Priv),H3,\N,,Canada,Y
Air Hamburg (AHO),HH,AHO,Air Hamburg,Germany,Y
ZABAIKAL AIRLINES,Z6,ZTT,BAIKAL ,Russia,Y
TransHolding,TI,THI,,Brazil,Y
Yeti Airways,YT,\N,,Nepal,Y
Yellowstone Club Private Shuttle,Y1,\N,YCS,United States,Y
Caucasus Airlines,NS,\N,,Georgia,Y
Serbian Airlines,S1,SA1,,Serbia,Y
Windward Islands Airways,WM,\N,Winair,Netherlands Antilles,Y
TransHolding System,YO,TYS,,Brazil,Y
CCML Airlines,CB,CCC,,Colombia,Y
Air Charter International,SF,\N,,France,N
Fly Brasil,F1,FBL,FBL,Brazil,Y
CB Airways UK ( Interliging Flights ),1F,CIF,,United Kingdom,Y
Fly Colombia ( Interliging Flights ),3F,3FF,,Colombia,Y
Trans Pas Air,T6,TP6,,United States,Y
KMV,МИ,\N,Air Minvody,Russia,Y
Himalayan Airlines,HC,HYM,Himalayan,Nepal,Y
Indya Airline Group,G1,IG1,Indya1,India,Y
Sunwing,WG,\N,sunwing,Canada,Y
Japan Regio,ZX,ZXY,,Japan,Y
Norte Lineas Aereas,N0,\N,,Argentina,Y
Austral Brasil,W7,\N,,Brazil,Y
PEGASUS AIRLINES-,H9,\N,,Turkey,Y
AirLiberté,IJ,\N,,France,N
Camair-co,QC,\N,,Cameroon,Y
Aerocontinente (Priv),N6,\N,,Peru,N
Sky Regional,RS,SKV,Sky Regional,Canada,Y
TUR Avrupa Hava YollarÄ±,YI,\N,TurAvrupa,Turkey,N
LSM International ,II,UWW,moose,Russia,Y
Baikotovitchestrian Airlines ,BU,BUU,,American Samoa,Y
Luchsh Airlines ,L4,LJJ,russian sky,Russia,Y
Zimbabwean Airlines,Z7,\N,,Zimbabwe,N
Air Cargo Germany,6U,\N,Loadmaster,Germany,Y
Mongolian International Air Lines ,7M,ZTF,Mongol_AIr ,Mongolia,Y
Alaniya Airlines,2D,\N,,Russia,N
Tway Airlines,TW,TWB,TWAY AIR,South Korea,Y
Papillon Grand Canyon Helicopters,HI,\N,,United States,Y
Jusur airways,JX,JSR,,Egypt,Y
NEXT Brasil,XB,NXB,XB,Brazil,Y
AeroWorld ,W4,WER,sovet,Russia,Y
Cook Island Air,KH,\N,,Cook Islands,N
US Africa Airways,E8,\N,,United States,N
GNB Linhas Aereas,GN,\N,,Brazil,Y
Usa Sky Cargo,E1,ES2,USKY,United States,Y
Hankook Airline,HN,HNX,HNX,South Korea,Y
Red Jet America,RR,\N,,United States,N
REDjet,Z7,\N,,Barbados,Y
Hellenic Airways,1H,HEY,Hellenic,Greece,N
Red Jet Andes,PT,\N,,Peru,Y
Red Jet Canada,QY,\N,,Canada,Y
Red Jet Mexico,4X,\N,,Mexico,Y
Marusya Airways,Y8,MRS,snowball,Russia,Y
Era Alaska,7H,ERR,ERAH,United States,Y
AirRussia,R8,RRJ,russiancloud,Russia,Y
Hankook Air US,H1,HA1,,United States,Y
NEPC Airlines,D5,\N,,India,N
Canadian World,10,CNN,Canadian,Canada,N
I-Fly,H5,RSY,RUSSIAN SKY,Russia,Y
T.A.T,IJ,\N,,France,N
Alinord,DN,\N,,Italy,N
Pacific Express,VB,\N,,United States,N
VickJet,KT,VKJ,Vickjet,France,Y
BVI Airways,XV,\N,,British Virgin Islands,Y
Salsa d\\'Haiti,SO,SLC,SALSA,Haiti,Y
Zambezi Airlines (ZMA),ZJ,\N,,Zambia,Y
Polet Airlines (Priv),YQ,\N,,Russia,Y
TROPICAL LINHAS AEREAS,T1,TP3,,Brazil,N
12 North,12,N12,12N,India,Y
Mauritania Airlines International,L6,MAI,,Mauritania,Y
MAT Airways,6F,MKD,,Macedonia,Y
Asian Wings Airways,AW,AWM,Asian Star,Burma,Y
Air Arabia Egypt,E5,RBG,,Egypt,Y
Alitalia Cityliner,CT,\N,,Italy,Y
Orchid Airlines,OI,ORC,,Australia,Y
Asia Wings,Y5,AWA,,Kazakhstan,Y
Skywest Australia,XR,\N,,Australia,Y
Nile Air,NP,NIA,NILEBIRD,Egypt,Y
Senegal Airlines,DN,SGG,,Senegal,Y
Fly 6ix,6I,\N,,Sierra Leone,Y
Starbow Airlines,S9,\N,,Ghana,Y
Copenhagen Express,0X,CX0,Copex,Denmark,Y
BusinessAir,8B,BCC,,Thailand,Y
SENIC AIRLINES,YR,\N,,United States,Y
Sky Wing Pacific,C7,CR7,,South Korea,Y
Air Indus,PP,AI0,AIPL,Pakistan,Y
Samurai Airlines,7,770,Sam,Pakistan,N
AirOne Continental,0,0,Eastern,Slovakia,N
AirOne Polska,U1,1,AOC,Poland,N
Peach Aviation,MM,\N,Air Peach,Japan,Y
Aviabus,U1,ABI,,Russia,Y
Michael Airlines,DF,MJG,MJG,Puerto Rico,Y
Korongo Airlines,ZC,KGO,KORONGO,Congo (Kinshasa),Y
Indonesia Sky,I5,IDS,,Indonesia,Y
Pelangi ,9P,\N,,Malaysia,N
Aws express,B0,666,aws,United States,Y
Southjet,76,SJS,,United States,Y
Southjet connect,77,ZCS,,United States,Y
Air Cape,KP,\N,,South Africa,N
Southjet cargo,78,XAN,,United States,Y
Iberia Express,I2,IBS,,Spain,Y
Interjet (ABC Aerolineas),4O,\N,INTERJET,Mexico,Y
AirOnix,OG,\N,,Ukraine,Y
Nordic Global Airlines,NJ,NGB,Nordic Global,Finland,Y
Scoot,TZ,SCO,,Singapore,Y
Starling Airlines Spain,SX,STS,STARLING,Spain,N
Hi Fly (5K),5K,\N,,Portugal,Y
China Northwest Airlines (WH),WH,\N,,China,Y
Zenith International Airline,ZN,ZNA,ZENITH,Thailand,Y
Orbit Airlines Azerbaijan,O1,OAB,Orbitaz,Azerbaijan,Y
Air Alps Aviation (A6),A6,\N,ALPAV,Austria,Y
Patriot Airways,P4,\N,,United States,Y
Vision Airlines (V2),V2,RBY,RUBY,United States,Y
Chicago Express (C8),C8,\N,,United States,N
BQB Lineas Aereas,5Q,\N,,Uruguay,Y
Yellowtail,YE,YEL,,United States,Y
Royal Airways,KG,RAW,RAW,United States,Y
FlyHigh Airlines Ireland (FH),FH,FHI,FLYHIRELAND,Ireland,Y
Aero VIP (2D),2D,\N,,Portugal,Y
Yangon Airways Ltd.,YH,\N,,Burma,Y
T.J. Air,TJ,TJA,T.J. Air,United States,Y
SkyWork Airlines ,SX,\N,SKYFOX,Switzerland,Y
ValueJet,J7,VJA,CRITTER,United States,N
Maastricht Airlines,W2,\N,,Netherlands,Y
CheapFlyingInternational,WL,FQR,cheapflying,France,N
Aviaexpresscruise,E6,\N,,Russia,N
Euro Jet,24,\N,,Germany,Y
AirOne Atlantic,0,AO1,,Slovakia,N
HQ- Business Express,HQ,\N,BizEx,United States,N
Royal Southern Airlines.,R1,RS1,RSA,Colombia,N
SOCHI AIR CHATER,Q3,QER,russian doll,Russia,Y
Denim Air ,J7,\N,DNM,Norway,Y
WestAir,OE,\N,,United States,N
WestAir Airlines,OE,\N,,United States,N
WestAir Airlines ,OE,\N,,United States,N
North Pacific Airlines,NO,\N,,United States,N
Malindo Air,OD,MXD,Malindo,Malaysia,Y
Tramm Airlines,9F,TLM,9F,Netherlands Antilles,N
Lina Congo,GC,\N,,Congo (Brazzaville),N
Flightlink Tanzania,Z9,\N,,Tanzania,Y
IzAvia,I8,\N,,Russia,Y
3 Valleys Airlines,3V,VA3,3 Valleys,France,N
Maryland Air,M1,M1F,Maryland Flight,United States,Y
Insel Air (7I/INC) (Priv),7I,\N,,Netherlands Antilles,Y
VivaColombia,5Z,VVC,,Colombia,Y
Apache Air,ZM,IWA,APACHE,United States,Y
MHS Aviation GmbH,M2,\N,,Germany,Y
Jettor Airlines,NR,JTO,JETHAPPY,Hong Kong,Y
GoDutch,GD,GOD,,Netherlands,N
Thai Lion Air,SL,\N,,Thailand,Y
Deutsche Luftverkehrsgesellschaft,DW,DLT,,Germany,N
National Air Cargo,N8,NCR,,United States,Y
Eastern Atlantic Virtual Airlines,13,EAV,EAVA,United States,Y
Citilink Indonesia,QG,\N,SUPERGREEN,Indonesia,Y
Gulisano airways,GU,GU1,,Italy,N
Caribbean Wings,XP,ZYZ,caribbean Wings,Turks and Caicos Islands,N
Snowbird Airlines,S8,SBD,,Finland,Y
Kharkiv Airlines,KH,KHK,,Ukraine,Y
XAIR USA,XA,XAU,XAIR,United States,Y
Air Costa,LB,\N,,India,Y
Global Freightways,F5,GF5,Freight,United States,N
XPTO,XP,XPT,XPTO,Portugal,Y
Malawian Airlines,3W,\N,,Malawi,Y
Avilu,..,...,,Switzerland,Y
Air Serbia,JU,ASL,AIR SERBIA,Serbia,Y
Air Lituanica,LT,LTU,LITUANICA,Lithuania,Y
Rainbow Air (RAI),RN,RAB,Rainbow,United States,Y
Rainbow Air Canada,RY,RAY,Rainbow CAN,Canada,Y
Rainbow Air Polynesia,RX,RPO,Rainbow Air,United States,Y
Rainbow Air Euro,RU,RUE,Rainbow Air,United Kingdom,Y
Rainbow Air US,RM,RNY,Rainbow Air,United States,Y
Dobrolet,QD,DOB,DOBROLET,Russia,Y
Spike Airlines,S0,SAL,Spike Air,United States,Y
All Argentina,L1,AL1,,Argentina,Y
All America,A2,AL2,,United States,Y
All Asia,L9,AL3,,China,Y
All Africa,9A,99F,,South Africa,Y
Regionalia México,N4,J88,,Mexico,Y
All Europe,N9,N99,,United Kingdom,Y
All Spain,N7,N77,,Spain,Y
Regional Air Iceland,9N,N78,,Iceland,Y
British Air Ferries,??,??!,,United Kingdom,N
Voestar,8K,K88,,Brazil,Y
All Colombia,7O,7KK,,Colombia,Y
Regionalia Uruguay,2X,2K2,,Uruguay,Y
Regionalia Venezuela,9X,9XX,,Venezuela,Y
Regionalia Chile,9J,CR1,,Chile,Y
Vuela Cuba,6C,6CC,,Cuba,Y
All Australia,88,8K8,,Australia,Y
Fly Europa,ER,RWW,,Spain,Y
FlyPortugal,PO,FPT,FlyPortugal,Portugal,Y
Spring Airlines Japan,IJ,SJO,,Japan,Y
Dense Airways,KP,DWA,DENSE,United States,Y
Dense Connection,KZ,DC2,DC2,United States,Y
Vuola Italia,4S,VI4,,Italy,Y
Island Express Air,1X,\N,Abby Air,Canada,Y
All Argentina Express,Z0,Z9H,,Argentina,Y
Thai Smile Airways,WE,\N,THAI SMILE,Thailand,Y
International AirLink,I4,\N,,Jamaica,Y
Real Tonga,RT,\N,,Tonga,Y
All America AR,2R,M7A,,Argentina,Y
All America CL,1R,R1R,,Chile,Y
SOCHI AIR EXPRESS,Q4,SAE,ADLER EXPRESS,Russia,Y
All America BR,1Y,A9B,,Brazil,Y
FRA Air,X9,X9F,FA,Germany,N
Royal,QN,\N,Roy,Canada,N
GREAT LAKES (GX),GX,\N,,Canada,N
Volotea Costa Rica,9V,VC9,,Costa Rica,Y
Fly Romania,X5,OTJ,TENDER AIR,Romania,Y
Eagle Atlantic Airlines,E2,\N,,Ghana,Y
All America CO,0Y,7ZC,,Colombia,Y
All America MX,0M,0MM,,Mexico,Y
FOX Linhas Aereas,FX,FOX,,Brazil,Y
Wings of England,EX,"..,",,United Kingdom,N
Air Kenya (Priv),QP,\N,,Kenya,Y
Via Conectia Airlines,6V,CZV,,Uruguay,Y
City Airways,E8,GTA,CITY AIR,Thailand,Y
Norwegian Long Haul AS,DU,NLH,NORSTAR,Norway,Y
TransNusa Air,M8,TNU,TRANSNUSA,Indonesia,Y
Tomp Airlines,ZT,T9P,,Chile,Y
OneJet,J1,\N,,United States,Y
Global Airlines,0G,GA0,,Argentina,Y
International Flying Service,F4,\N,,Italy,N
Air Vistara,UK,VTI,,India,Y
TransRussiaAirlines,1E,RGG,,Russia,Y
Severstal Air Company,D2,\N,,Russia,Y
REXAIR VIRTUEL,RR,RXR,Rexair,France,Y
WestJet Encore,WR,WEN,Encore,Canada,Y
Air Pegasus,OP,PPL,,India,Y
International Europe,9I,INE,,Spain,Y
V Air,ZV,VAX,,Taiwan,Y
Naka Nihon Airlines Service,NV,ALS,,Japan,N
Islands Express,X9,\N,,United States,N
Atlantic Air Services,X7,\N,,United States,N
Boutique Air (Priv),4B,BTQ,,United States,Y
VOLOTEA Airways,V7,VOE,,Spain,Y
Aguilar Connect,3X,GUI,Moonexpress,Chile,N
ROYAL BRITAIN,7V,ROB,,United Kingdom,N
INAVIA Internacional,Z5,IIR,,Argentina,Y
Liberty Airways,LE,LTY,,United States,Y
Аэросервис,АЯ,\N,,Russia,Y
Bassaka airlines,5B,BSX,5B,Cambodia,Y
SkyBahamas Airlines,Q7,\N,TROPICAL SKY,Bahamas,Y
UVT Aero,UW,\N,,Russia,Y
Silver Airways (3M),3M,\N,Silver Wings,United States,Y
ATA Airlines (Iran),I3,\N,ATALAR,Iran,Y
VIA Líneas Aéreas,V1,VIA,,Argentina,Y
Palair Macedonia,3D,PMK,,Macedonia,N
Palair Macedonia (3D),3D,\N,,Macedonia,N
GermanXL,GX,GXG,,Germany,Y
Fly France,FF,FRF,,France,Y
Europe Jet,EX,EU9,,France,Y
Deutsche Luftverkehrsgesellschaft (DLT),DW,DWD,,Germany,N
Atlantic Air Cargo,K3,\N,,United States,N
World Scale Airlines,W3,WSS,,United States,Y
All America US,AG,SSA,,United States,Y
BudgetAir,1K,BG1,,Germany,Y
Fly One,F5,FI5,,Moldova,Y
Nordica,EE,\N,REVAL,Estonia,Y
Dummy,0E,\N,,France,N
All America BOPY,0P,PYB,BOPY,Paraguay,Y
Air Andaman (2Y),2Y,AOW,AIR ANDAMAN,Thailand,N
Jetgo Australia,JG,\N,,Australia,Y
Air Carnival,2S,\N,,India,Y
Svyaz Rossiya,7R,SJM,RussianConnecty,Russia,Y
